ZIP,lat,lon,Place,State,St,County,Sub_order,Acc
23301,37.7159,-75.6803,Accomac,Virginia,VA,Accomack,1,4
23302,37.8658,-75.5277,Assawoman,Virginia,VA,Accomack,1,1
23303,37.9073,-75.5089,Atlantic,Virginia,VA,Accomack,1,4
23306,37.5645,-75.8694,Belle Haven,Virginia,VA,Accomack,1,4
23308,37.8273,-75.6156,Bloxom,Virginia,VA,Accomack,1,4
23336,37.9299,-75.3624,Chincoteague Island,Virginia,VA,Accomack,1,4
23337,37.9186,-75.4905,Wallops Island,Virginia,VA,Accomack,1,1
23341,37.5773,-75.8646,Craddockville,Virginia,VA,Accomack,1,4
23345,37.5529,-75.878,Davis Wharf,Virginia,VA,Accomack,1,4
23356,38.0064,-75.4029,Greenbackville,Virginia,VA,Accomack,1,4
23357,37.7681,-75.6664,Greenbush,Virginia,VA,Accomack,1,4
23358,37.6393,-75.865,Hacksneck,Virginia,VA,Accomack,1,4
23359,37.8837,-75.6041,Hallwood,Virginia,VA,Accomack,1,4
23389,37.6618,-75.8305,Harborton,Virginia,VA,Accomack,1,4
23395,37.9699,-75.4716,Horntown,Virginia,VA,Accomack,1,4
23396,37.9237,-75.5551,Oak Hall,Virginia,VA,Accomack,1,4
23399,37.9162,-75.6168,Jenkins Bridge,Virginia,VA,Accomack,1,1
23401,37.6193,-75.7638,Keller,Virginia,VA,Accomack,1,4
23404,37.6534,-75.6735,Locustville,Virginia,VA,Accomack,1,4
23407,37.846,-75.5666,Mappsville,Virginia,VA,Accomack,1,4
23409,37.8692,-75.6354,Mears,Virginia,VA,Accomack,1,4
23410,37.6407,-75.7454,Melfa,Virginia,VA,Accomack,1,4
23412,37.7904,-75.6035,Modest Town,Virginia,VA,Accomack,1,4
23414,37.8169,-75.5832,Nelsonia,Virginia,VA,Accomack,1,4
23415,37.9525,-75.5112,New Church,Virginia,VA,Accomack,1,4
23416,37.9229,-75.5386,Oak Hall,Virginia,VA,Accomack,1,4
23417,37.7102,-75.7528,Onancock,Virginia,VA,Accomack,1,4
23418,37.6704,-75.6992,Onley,Virginia,VA,Accomack,1,4
23420,37.5828,-75.8066,Painter,Virginia,VA,Accomack,1,4
23421,37.7744,-75.6386,Parksley,Virginia,VA,Accomack,1,4
23422,37.6304,-75.8135,Pungoteague,Virginia,VA,Accomack,1,4
23423,37.5423,-75.7412,Quinby,Virginia,VA,Accomack,1,4
23426,37.9229,-75.6781,Sanford,Virginia,VA,Accomack,1,4
23427,37.9264,-75.722,Saxis,Virginia,VA,Accomack,1,4
23440,37.8245,-75.993,Tangier,Virginia,VA,Accomack,1,4
23441,37.7104,-75.7005,Tasley,Virginia,VA,Accomack,1,4
23442,37.8954,-75.5528,Temperanceville,Virginia,VA,Accomack,1,4
23480,37.6044,-75.6925,Wachapreague,Virginia,VA,Accomack,1,4
23483,37.9437,-75.5023,Wattsville,Virginia,VA,Accomack,1,4
23488,37.9482,-75.6019,Withams,Virginia,VA,Accomack,1,4
22901,38.0936,-78.5611,Charlottesville,Virginia,VA,Albemarle,3,4
22909,38.0245,-78.4482,Charlottesville,Virginia,VA,Albemarle,3,4
22911,38.0995,-78.4085,Charlottesville,Virginia,VA,Albemarle,3,4
22924,38.0013,-78.7271,Batesville,Virginia,VA,Albemarle,3,4
22931,37.908,-78.7127,Covesville,Virginia,VA,Albemarle,3,4
22932,38.1296,-78.7106,Crozet,Virginia,VA,Albemarle,3,4
22936,38.1578,-78.4919,Earlysville,Virginia,VA,Albemarle,3,4
22937,37.8125,-78.6106,Esmont,Virginia,VA,Albemarle,3,4
22940,38.1944,-78.5849,Free Union,Virginia,VA,Albemarle,3,4
22943,38.0415,-78.7833,Greenwood,Virginia,VA,Albemarle,3,4
22945,38.0654,-78.5958,Ivy,Virginia,VA,Albemarle,3,4
22946,37.856,-78.5699,Keene,Virginia,VA,Albemarle,3,4
22947,38.0531,-78.3396,Keswick,Virginia,VA,Albemarle,3,4
22959,37.9336,-78.6351,North Garden,Virginia,VA,Albemarle,3,4
22987,38.1179,-78.6614,White Hall,Virginia,VA,Albemarle,3,4
24562,37.7511,-78.6313,Howardsville,Virginia,VA,Albemarle,3,4
24590,37.8049,-78.474,Scottsville,Virginia,VA,Albemarle,3,4
24422,37.8203,-79.8054,Clifton Forge,Virginia,VA,Alleghany,5,4
24448,37.7965,-79.786,Iron Gate,Virginia,VA,Alleghany,5,4
24457,37.7887,-79.8837,Low Moor,Virginia,VA,Alleghany,5,4
24474,37.8062,-79.8404,Selma,Virginia,VA,Alleghany,5,4
23002,37.3428,-77.9841,Amelia Court House,Virginia,VA,Amelia,7,4
23083,37.3176,-78.104,Jetersville,Virginia,VA,Amelia,7,4
23105,37.345,-77.9449,Mannboro,Virginia,VA,Amelia,7,4
24521,37.6027,-79.0506,Amherst,Virginia,VA,Amherst,9,4
24533,37.538,-78.9463,Clifford,Virginia,VA,Amherst,9,4
24572,37.4531,-79.1141,Madison Heights,Virginia,VA,Amherst,9,4
24574,37.5414,-79.1703,Monroe,Virginia,VA,Amherst,9,4
24595,37.5529,-79.0664,Sweet Briar,Virginia,VA,Amherst,9,4
23939,37.3185,-78.7658,Evergreen,Virginia,VA,Appomattox,11,4
23958,37.2653,-78.6517,Pamplin,Virginia,VA,Appomattox,11,4
24522,37.353,-78.8224,Appomattox,Virginia,VA,Appomattox,11,4
24593,37.3643,-78.9059,Spout Spring,Virginia,VA,Appomattox,11,4
22201,38.8871,-77.0932,Arlington,Virginia,VA,Arlington,13,4
22202,38.8565,-77.0592,Arlington,Virginia,VA,Arlington,13,4
22203,38.8738,-77.1142,Arlington,Virginia,VA,Arlington,13,4
22204,38.859,-77.0997,Arlington,Virginia,VA,Arlington,13,4
22205,38.8836,-77.1395,Arlington,Virginia,VA,Arlington,13,4
22206,38.8415,-77.0905,Arlington,Virginia,VA,Arlington,13,4
22207,38.9033,-77.1263,Arlington,Virginia,VA,Arlington,13,4
22209,38.8926,-77.0753,Arlington,Virginia,VA,Arlington,13,4
22210,38.8808,-77.1129,Arlington,Virginia,VA,Arlington,13,4
22211,38.8921,-77.0794,Fort Myer,Virginia,VA,Arlington,13,4
22212,38.8808,-77.1129,Arlington,Virginia,VA,Arlington,13,4
22213,38.8954,-77.1633,Arlington,Virginia,VA,Arlington,13,4
22214,38.8688,-77.0739,Arlington,Virginia,VA,Arlington,13,4
22215,38.8808,-77.1129,Arlington,Virginia,VA,Arlington,13,4
22216,38.8808,-77.1129,Arlington,Virginia,VA,Arlington,13,4
22217,38.8808,-77.1129,Arlington,Virginia,VA,Arlington,13,4
22219,38.8808,-77.1129,Arlington,Virginia,VA,Arlington,13,4
22225,38.8808,-77.1129,Arlington,Virginia,VA,Arlington,13,4
22226,38.8834,-77.1028,Arlington,Virginia,VA,Arlington,13,4
22227,38.8808,-77.1129,Arlington,Virginia,VA,Arlington,13,4
22230,38.8797,-77.1108,Arlington,Virginia,VA,Arlington,13,4
22240,38.8566,-77.0518,Arlington,Virginia,VA,Arlington,13,4
22241,38.8808,-77.1129,Arlington,Virginia,VA,Arlington,13,4
22242,38.8509,-77.0523,Arlington,Virginia,VA,Arlington,13,4
22243,38.8605,-77.0516,Arlington,Virginia,VA,Arlington,13,4
22244,38.8545,-77.052,Arlington,Virginia,VA,Arlington,13,4
22245,38.8518,-77.0523,Arlington,Virginia,VA,Arlington,13,4
22246,38.8808,-77.1129,Arlington,Virginia,VA,Arlington,13,4
22843,38.3328,-79.1028,Mount Solon,Virginia,VA,Augusta,15,4
22939,38.0964,-78.9929,Fishersville,Virginia,VA,Augusta,15,4
22952,37.9744,-78.9361,Lyndhurst,Virginia,VA,Augusta,15,4
24411,38.1025,-79.3195,Augusta Springs,Virginia,VA,Augusta,15,4
24421,38.2346,-79.1791,Churchville,Virginia,VA,Augusta,15,4
24430,38.0768,-79.3619,Craigsville,Virginia,VA,Augusta,15,4
24431,38.1684,-78.8413,Crimora,Virginia,VA,Augusta,15,4
24432,38.1842,-79.4152,Deerfield,Virginia,VA,Augusta,15,4
24437,38.2109,-78.9326,Fort Defiance,Virginia,VA,Augusta,15,4
24440,38.0018,-79.1359,Greenville,Virginia,VA,Augusta,15,4
24459,38.0242,-79.2812,Middlebrook,Virginia,VA,Augusta,15,4
24463,38.1797,-79.1413,Mint Spring,Virginia,VA,Augusta,15,4
24467,38.2612,-78.973,Mount Sidney,Virginia,VA,Augusta,15,4
24469,38.1979,-78.9059,New Hope,Virginia,VA,Augusta,15,4
24476,37.9705,-79.2233,Steeles Tavern,Virginia,VA,Augusta,15,4
24477,38.0144,-79.0298,Stuarts Draft,Virginia,VA,Augusta,15,4
24479,38.1591,-79.1873,Swoope,Virginia,VA,Augusta,15,4
24482,38.2037,-79.0059,Verona,Virginia,VA,Augusta,15,4
24485,38.2744,-79.3201,West Augusta,Virginia,VA,Augusta,15,4
24486,38.2931,-78.9235,Weyers Cave,Virginia,VA,Augusta,15,4
24412,38.054,-79.8437,Bacova,Virginia,VA,Bath,17,4
24445,37.9638,-79.8717,Hot Springs,Virginia,VA,Bath,17,4
24460,38.0553,-79.7464,Millboro,Virginia,VA,Bath,17,4
24484,38.1437,-79.8207,Warm Springs,Virginia,VA,Bath,17,4
24487,38.1898,-79.5879,Williamsville,Virginia,VA,Bath,17,4
24095,37.2123,-79.7429,Goodview,Virginia,VA,Bedford,19,4
24101,37.2145,-79.8127,Hardy,Virginia,VA,Bedford,19,4
24104,37.1442,-79.491,Huddleston,Virginia,VA,Bedford,19,4
24121,37.1784,-79.6521,Moneta,Virginia,VA,Bedford,19,4
24122,37.407,-79.7175,Montvale,Virginia,VA,Bedford,19,4
24174,37.36,-79.6522,Thaxton,Virginia,VA,Bedford,19,4
24178,37.3105,-79.7898,Villamont,Virginia,VA,Bedford,19,4
24526,37.5306,-79.3827,Big Island,Virginia,VA,Bedford,19,4
24536,37.4887,-79.3158,Coleman Falls,Virginia,VA,Bedford,19,4
24551,37.3379,-79.2791,Forest,Virginia,VA,Bedford,19,4
24556,37.3755,-79.4039,Goode,Virginia,VA,Bedford,19,4
24570,37.3484,-79.4271,Lowry,Virginia,VA,Bedford,19,4
24314,37.1574,-81.1989,Bastian,Virginia,VA,Bland,21,4
24315,37.1376,-81.0201,Bland,Virginia,VA,Bland,21,4
24318,37.0046,-81.3643,Ceres,Virginia,VA,Bland,21,4
24366,37.2578,-81.1159,Rocky Gap,Virginia,VA,Bland,21,4
24019,37.3515,-79.9052,Roanoke,Virginia,VA,Botetourt,23,4
24050,37.5551,-79.7862,Roanoke,Virginia,VA,Botetourt,23,4
24064,37.3885,-79.8172,Blue Ridge,Virginia,VA,Botetourt,23,4
24066,37.5479,-79.7123,Buchanan,Virginia,VA,Botetourt,23,4
24077,37.3651,-79.9056,Cloverdale,Virginia,VA,Botetourt,23,4
24083,37.4125,-79.9211,Daleville,Virginia,VA,Botetourt,23,4
24085,37.6667,-79.8172,Eagle Rock,Virginia,VA,Botetourt,23,4
24090,37.4911,-79.8511,Fincastle,Virginia,VA,Botetourt,23,4
24130,37.6165,-79.9837,Oriskany,Virginia,VA,Botetourt,23,4
24175,37.4019,-79.8786,Troutville,Virginia,VA,Botetourt,23,4
24438,37.7529,-79.8189,Glen Wilton,Virginia,VA,Botetourt,23,4
23821,36.8806,-77.9055,Alberta,Virginia,VA,Brunswick,25,4
23843,36.8318,-77.7887,Dolphin,Virginia,VA,Brunswick,25,4
23845,36.5722,-77.9888,Ebony,Virginia,VA,Brunswick,25,4
23856,36.7893,-77.7208,Freeman,Virginia,VA,Brunswick,25,4
23857,36.5856,-77.8836,Gasburg,Virginia,VA,Brunswick,25,4
23868,36.7342,-77.8136,Lawrenceville,Virginia,VA,Brunswick,25,4
23873,36.8088,-77.9544,Meredithville,Virginia,VA,Brunswick,25,4
23876,36.953,-77.8237,Rawlings,Virginia,VA,Brunswick,25,4
23887,36.565,-77.8384,Valentines,Virginia,VA,Brunswick,25,4
23889,36.9011,-77.7673,Warfield,Virginia,VA,Brunswick,25,4
23893,36.6335,-77.9592,White Plains,Virginia,VA,Brunswick,25,4
23920,36.7319,-77.9898,Brodnax,Virginia,VA,Brunswick,25,4
24239,37.1134,-82.1501,Davenport,Virginia,VA,Buchanan,27,4
24603,37.3532,-82.1968,Big Rock,Virginia,VA,Buchanan,27,4
24614,37.2967,-82.1061,Grundy,Virginia,VA,Buchanan,27,4
24620,37.4017,-82.0262,Hurley,Virginia,VA,Buchanan,27,4
24624,37.2023,-81.9862,Keen Mountain,Virginia,VA,Buchanan,27,4
24627,37.288,-82.0274,Mavisdale,Virginia,VA,Buchanan,27,4
24628,37.3012,-82.1743,Maxie,Virginia,VA,Buchanan,27,4
24631,37.2138,-81.9917,Oakwood,Virginia,VA,Buchanan,27,4
24634,37.2746,-81.9024,Pilgrims Knob,Virginia,VA,Buchanan,27,1
24639,37.1481,-81.8896,Raven,Virginia,VA,Buchanan,27,4
24646,37.1276,-82.0274,Rowe,Virginia,VA,Buchanan,27,4
24647,37.1573,-81.8729,Shortt Gap,Virginia,VA,Buchanan,27,4
24656,37.1738,-82.1277,Vansant,Virginia,VA,Buchanan,27,4
24657,37.2251,-81.8605,Whitewood,Virginia,VA,Buchanan,27,4
24658,37.288,-82.0274,Wolford,Virginia,VA,Buchanan,27,4
23004,37.6714,-78.3889,Arvonia,Virginia,VA,Buckingham,29,4
23123,37.6645,-78.3112,New Canton,Virginia,VA,Buckingham,29,4
23921,37.5833,-78.5985,Buckingham,Virginia,VA,Buckingham,29,4
23936,37.4124,-78.4349,Dillwyn,Virginia,VA,Buckingham,29,4
24513,37.2458,-79.1335,Lynchburg,Virginia,VA,Campbell,31,4
24517,37.1222,-79.2911,Altavista,Virginia,VA,Campbell,31,4
24528,37.0827,-78.9227,Brookneal,Virginia,VA,Campbell,31,4
24538,37.337,-78.9804,Concord,Virginia,VA,Campbell,31,4
24550,37.261,-79.2317,Evington,Virginia,VA,Campbell,31,4
24554,37.1386,-79.1048,Gladys,Virginia,VA,Campbell,31,4
24569,37.0644,-79.1219,Long Island,Virginia,VA,Campbell,31,4
24571,37.1528,-79.3297,Lynch Station,Virginia,VA,Campbell,31,4
24576,37.2458,-79.1335,Naruna,Virginia,VA,Campbell,31,4
24588,37.2545,-79.1215,Rustburg,Virginia,VA,Campbell,31,4
22427,38.0137,-77.1802,Bowling Green,Virginia,VA,Caroline,33,4
22428,38.0496,-77.3466,Bowling Green,Virginia,VA,Caroline,33,4
22446,38.1996,-77.3889,Corbin,Virginia,VA,Caroline,33,4
22501,38.0176,-77.5153,Ladysmith,Virginia,VA,Caroline,33,4
22514,38.0058,-77.3185,Milford,Virginia,VA,Caroline,33,4
22535,38.1621,-77.1837,Port Royal,Virginia,VA,Caroline,33,4
22538,38.2079,-77.2502,Rappahannock Academy,Virginia,VA,Caroline,33,4
22546,37.9451,-77.4714,Ruther Glen,Virginia,VA,Caroline,33,4
22552,38.0094,-77.2251,Sparta,Virginia,VA,Caroline,33,4
22580,38.0847,-77.4399,Woodford,Virginia,VA,Caroline,33,4
24317,36.5957,-80.6705,Cana,Virginia,VA,Carroll,35,4
24325,36.8145,-80.6123,Dugspur,Virginia,VA,Carroll,35,4
24328,36.664,-80.6907,Fancy Gap,Virginia,VA,Carroll,35,4
24343,36.7442,-80.7197,Hillsville,Virginia,VA,Carroll,35,4
24351,36.5775,-80.7601,Lambsburg,Virginia,VA,Carroll,35,4
24352,36.7073,-80.5148,Laurel Fork,Virginia,VA,Carroll,35,4
24381,36.7879,-80.8824,Woodlawn,Virginia,VA,Carroll,35,4
23030,37.3663,-77.1082,Charles City,Virginia,VA,Charles City,36,4
23147,37.3796,-77.0348,Ruthville,Virginia,VA,Charles City,36,4
23923,37.0879,-78.6378,Charlotte Court House,Virginia,VA,Charlotte,37,4
23934,37.1552,-78.6459,Cullen,Virginia,VA,Charlotte,37,4
23937,36.9688,-78.5615,Drakes Branch,Virginia,VA,Charlotte,37,4
23947,37.0411,-78.4699,Keysville,Virginia,VA,Charlotte,37,4
23959,37.0925,-78.7912,Phenix,Virginia,VA,Charlotte,37,4
23962,36.9515,-78.7054,Randolph,Virginia,VA,Charlotte,37,4
23963,37.1914,-78.8145,Red House,Virginia,VA,Charlotte,37,1
23964,36.7724,-78.6321,Red Oak,Virginia,VA,Charlotte,37,4
23967,36.9053,-78.6321,Saxe,Virginia,VA,Charlotte,37,4
23976,36.8391,-78.5982,Wylliesburg,Virginia,VA,Charlotte,37,4
23112,37.431,-77.6545,Midlothian,Virginia,VA,Chesterfield,41,4
23113,37.5109,-77.6429,Midlothian,Virginia,VA,Chesterfield,41,4
23114,37.4815,-77.6419,Midlothian,Virginia,VA,Chesterfield,41,4
23120,37.426,-77.7585,Moseley,Virginia,VA,Chesterfield,41,4
23234,37.4373,-77.4788,Richmond,Virginia,VA,Chesterfield,41,4
23235,37.5133,-77.5646,Richmond,Virginia,VA,Chesterfield,41,4
23236,37.4782,-77.5854,Richmond,Virginia,VA,Chesterfield,41,4
23237,37.4011,-77.4615,Richmond,Virginia,VA,Chesterfield,41,4
23297,37.3897,-77.5613,Richmond,Virginia,VA,Chesterfield,41,4
23831,37.3429,-77.4156,Chester,Virginia,VA,Chesterfield,41,4
23832,37.3923,-77.5668,Chesterfield,Virginia,VA,Chesterfield,41,4
23836,37.3475,-77.3386,Chester,Virginia,VA,Chesterfield,41,4
23838,37.3333,-77.6343,Chesterfield,Virginia,VA,Chesterfield,41,4
22611,39.1532,-77.9688,Berryville,Virginia,VA,Clarke,43,4
22620,39.0698,-78.0203,Boyce,Virginia,VA,Clarke,43,4
22646,39.0696,-78.0378,Millwood,Virginia,VA,Clarke,43,4
22663,39.058,-78.1105,White Post,Virginia,VA,Clarke,43,4
24127,37.4871,-80.1704,New Castle,Virginia,VA,Craig,45,4
24131,37.5745,-80.2544,Paint Bank,Virginia,VA,Craig,45,4
22701,38.5117,-77.9928,Culpeper,Virginia,VA,Culpeper,47,4
22713,38.5382,-78.1423,Boston,Virginia,VA,Culpeper,47,4
22714,38.511,-77.9037,Brandy Station,Virginia,VA,Culpeper,47,4
22718,38.4652,-77.817,Elkwood,Virginia,VA,Culpeper,47,4
22724,38.6256,-77.9069,Jeffersonton,Virginia,VA,Culpeper,47,4
22726,38.3956,-77.83,Lignum,Virginia,VA,Culpeper,47,4
22729,38.3744,-78.0105,Mitchells,Virginia,VA,Culpeper,47,4
22733,38.3392,-78.0476,Rapidan,Virginia,VA,Culpeper,47,4
22735,38.4604,-78.1572,Reva,Virginia,VA,Culpeper,47,4
22736,38.3924,-77.7195,Richardsville,Virginia,VA,Culpeper,47,4
22737,38.5852,-78.0282,Rixeyville,Virginia,VA,Culpeper,47,4
22741,38.4441,-77.8842,Stevensburg,Virginia,VA,Culpeper,47,4
23027,37.6479,-78.1389,Cartersville,Virginia,VA,Cumberland,49,4
23040,37.5019,-78.2581,Cumberland,Virginia,VA,Cumberland,49,4
24217,37.1014,-82.1856,Bee,Virginia,VA,Dickenson,51,4
24220,37.1394,-82.2433,Birchleaf,Virginia,VA,Dickenson,51,4
24226,37.1406,-82.3425,Clinchco,Virginia,VA,Dickenson,51,4
24228,37.1592,-82.4453,Clintwood,Virginia,VA,Dickenson,51,4
24256,37.2206,-82.2853,Haysi,Virginia,VA,Dickenson,51,4
24269,37.0814,-82.3806,Mc Clure,Virginia,VA,Dickenson,51,1
24272,37.0182,-82.35,Nora,Virginia,VA,Dickenson,51,4
24607,37.2959,-82.281,Breaks,Virginia,VA,Dickenson,51,4
23822,37.0724,-77.6475,Ammon,Virginia,VA,Dinwiddie,53,4
23830,37.0393,-77.4351,Carson,Virginia,VA,Dinwiddie,53,4
23833,37.195,-77.6646,Church Road,Virginia,VA,Dinwiddie,53,1
23840,37.0535,-77.6426,Dewitt,Virginia,VA,Dinwiddie,53,4
23841,37.0833,-77.5585,Dinwiddie,Virginia,VA,Dinwiddie,53,4
23850,37.1349,-77.7364,Ford,Virginia,VA,Dinwiddie,53,4
23872,36.9986,-77.7396,Mc Kenney,Virginia,VA,Dinwiddie,53,1
23885,37.1901,-77.5655,Sutherland,Virginia,VA,Dinwiddie,53,4
23894,37.1157,-77.8352,Wilsons,Virginia,VA,Dinwiddie,53,4
22436,37.9826,-76.9614,Caret,Virginia,VA,Essex,57,4
22437,37.7929,-76.7548,Center Cross,Virginia,VA,Essex,57,4
22438,38.0214,-76.9719,Champlain,Virginia,VA,Essex,57,4
22454,37.8527,-76.8475,Dunnsville,Virginia,VA,Essex,57,4
22476,38.0329,-77.0633,Hustle,Virginia,VA,Essex,57,4
22504,37.7681,-76.7117,Laneview,Virginia,VA,Essex,57,4
22509,38.0789,-77.0485,Loretto,Virginia,VA,Essex,57,4
22560,37.9146,-76.9125,Tappahannock,Virginia,VA,Essex,57,4
23115,37.8282,-76.945,Millers Tavern,Virginia,VA,Essex,57,4
20120,38.8448,-77.467,Centreville,Virginia,VA,Fairfax,59,4
20121,38.8195,-77.4558,Centreville,Virginia,VA,Fairfax,59,4
20122,38.8318,-77.2888,Centreville,Virginia,VA,Fairfax,59,4
20124,38.7818,-77.3818,Clifton,Virginia,VA,Fairfax,59,4
20151,38.8867,-77.4457,Chantilly,Virginia,VA,Fairfax,59,4
20153,38.8318,-77.2888,Chantilly,Virginia,VA,Fairfax,59,4
20170,38.9839,-77.3675,Herndon,Virginia,VA,Fairfax,59,4
20171,38.9252,-77.3928,Herndon,Virginia,VA,Fairfax,59,4
20172,38.9696,-77.3861,Herndon,Virginia,VA,Fairfax,59,4
20190,38.9615,-77.3418,Reston,Virginia,VA,Fairfax,59,4
20191,38.9318,-77.3527,Reston,Virginia,VA,Fairfax,59,4
20192,38.8318,-77.2888,Herndon,Virginia,VA,Fairfax,59,4
20194,38.9807,-77.3419,Reston,Virginia,VA,Fairfax,59,4
20195,38.8318,-77.2888,Reston,Virginia,VA,Fairfax,59,4
20196,38.8318,-77.2888,Reston,Virginia,VA,Fairfax,59,4
22003,38.8307,-77.2142,Annandale,Virginia,VA,Fairfax,59,4
22009,38.8318,-77.2888,Burke,Virginia,VA,Fairfax,59,4
22015,38.7894,-77.2818,Burke,Virginia,VA,Fairfax,59,4
22027,38.8954,-77.2214,Dunn Loring,Virginia,VA,Fairfax,59,4
22032,38.8177,-77.2925,Fairfax,Virginia,VA,Fairfax,59,1
22033,38.8776,-77.3885,Fairfax,Virginia,VA,Fairfax,59,1
22034,38.8318,-77.2888,Fairfax,Virginia,VA,Fairfax,59,1
22035,38.8557,-77.3616,Fairfax,Virginia,VA,Fairfax,59,1
22036,38.7351,-77.0797,Fairfax,Virginia,VA,Fairfax,59,1
22037,38.8318,-77.2888,Fairfax,Virginia,VA,Fairfax,59,1
22039,38.7602,-77.3064,Fairfax Station,Virginia,VA,Fairfax,59,4
22041,38.8502,-77.1448,Falls Church,Virginia,VA,Fairfax,59,4
22042,38.8635,-77.1939,Falls Church,Virginia,VA,Fairfax,59,4
22043,38.8994,-77.1895,Falls Church,Virginia,VA,Fairfax,59,4
22044,38.8589,-77.1548,Falls Church,Virginia,VA,Fairfax,59,4
22060,38.6947,-77.1433,Fort Belvoir,Virginia,VA,Fairfax,59,4
22066,39.0039,-77.3083,Great Falls,Virginia,VA,Fairfax,59,4
22067,38.9645,-77.2331,Greenway,Virginia,VA,Fairfax,59,4
22079,38.6929,-77.204,Lorton,Virginia,VA,Fairfax,59,4
22081,38.8739,-77.2345,Merrifield,Virginia,VA,Fairfax,59,4
22082,38.8743,-77.2269,Merrifield,Virginia,VA,Fairfax,59,4
22095,38.9696,-77.3861,Herndon,Virginia,VA,Fairfax,59,4
22096,38.8318,-77.2888,Reston,Virginia,VA,Fairfax,59,4
22101,38.9326,-77.1706,Mc Lean,Virginia,VA,Fairfax,59,1
22102,38.953,-77.2295,Mc Lean,Virginia,VA,Fairfax,59,1
22103,38.8318,-77.2888,West Mclean,Virginia,VA,Fairfax,59,4
22106,38.9335,-77.1797,Mc Lean,Virginia,VA,Fairfax,59,1
22107,38.9321,-77.1841,Mc Lean,Virginia,VA,Fairfax,59,1
22108,38.9321,-77.1841,Mc Lean,Virginia,VA,Fairfax,59,1
22109,38.9335,-77.1797,Mc Lean,Virginia,VA,Fairfax,59,1
22116,38.8715,-77.2344,Merrifield,Virginia,VA,Fairfax,59,4
22118,38.8318,-77.2888,Merrifield,Virginia,VA,Fairfax,59,4
22119,38.8318,-77.2888,Merrifield,Virginia,VA,Fairfax,59,4
22121,38.7192,-77.1073,Mount Vernon,Virginia,VA,Fairfax,59,4
22122,38.7384,-77.185,Newington,Virginia,VA,Fairfax,59,4
22124,38.8852,-77.3233,Oakton,Virginia,VA,Fairfax,59,4
22150,38.7797,-77.1866,Springfield,Virginia,VA,Fairfax,59,4
22151,38.8029,-77.2116,Springfield,Virginia,VA,Fairfax,59,4
22152,38.7757,-77.2337,Springfield,Virginia,VA,Fairfax,59,4
22153,38.7449,-77.237,Springfield,Virginia,VA,Fairfax,59,4
22156,38.8318,-77.2888,Springfield,Virginia,VA,Fairfax,59,4
22158,38.8318,-77.2888,Springfield,Virginia,VA,Fairfax,59,4
22159,38.8318,-77.2888,Springfield,Virginia,VA,Fairfax,59,4
22160,38.8318,-77.2888,Springfield,Virginia,VA,Fairfax,59,4
22161,38.7893,-77.1872,Springfield,Virginia,VA,Fairfax,59,4
22180,38.8935,-77.2532,Vienna,Virginia,VA,Fairfax,59,4
22181,38.8977,-77.288,Vienna,Virginia,VA,Fairfax,59,4
22182,38.928,-77.2649,Vienna,Virginia,VA,Fairfax,59,4
22183,38.8318,-77.2888,Vienna,Virginia,VA,Fairfax,59,4
22185,38.8318,-77.2888,Vienna,Virginia,VA,Fairfax,59,4
22199,38.7043,-77.2278,Lorton,Virginia,VA,Fairfax,59,4
22303,38.7912,-77.0814,Alexandria,Virginia,VA,Fairfax,59,4
22306,38.7589,-77.0873,Alexandria,Virginia,VA,Fairfax,59,4
22307,38.7714,-77.0657,Alexandria,Virginia,VA,Fairfax,59,4
22308,38.7316,-77.0604,Alexandria,Virginia,VA,Fairfax,59,4
22309,38.7192,-77.1073,Alexandria,Virginia,VA,Fairfax,59,4
22310,38.7794,-77.1194,Alexandria,Virginia,VA,Fairfax,59,4
22312,38.8191,-77.1484,Alexandria,Virginia,VA,Fairfax,59,4
22315,38.7596,-77.1485,Alexandria,Virginia,VA,Fairfax,59,4
20115,38.8405,-77.8911,Marshall,Virginia,VA,Fauquier,61,4
20116,38.8537,-77.8601,Marshall,Virginia,VA,Fauquier,61,4
20119,38.637,-77.6383,Catlett,Virginia,VA,Fauquier,61,4
20128,38.7416,-77.9774,Orlean,Virginia,VA,Fauquier,61,4
20130,39.0048,-77.9546,Paris,Virginia,VA,Fauquier,61,4
20137,38.8237,-77.713,Broad Run,Virginia,VA,Fauquier,61,4
20138,38.6338,-77.6869,Calverton,Virginia,VA,Fauquier,61,4
20139,38.6543,-77.7025,Casanova,Virginia,VA,Fauquier,61,4
20140,38.9163,-77.8648,Rectortown,Virginia,VA,Fauquier,61,4
20144,38.9113,-77.9674,Delaplane,Virginia,VA,Fauquier,61,4
20184,38.9627,-77.8847,Upperville,Virginia,VA,Fauquier,61,4
20185,38.993,-77.8799,Upperville,Virginia,VA,Fauquier,61,4
20186,38.6898,-77.8361,Warrenton,Virginia,VA,Fauquier,61,4
20187,38.7153,-77.7417,Warrenton,Virginia,VA,Fauquier,61,4
20188,38.7656,-77.8203,Warrenton,Virginia,VA,Fauquier,61,4
20198,38.8707,-77.7608,The Plains,Virginia,VA,Fauquier,61,4
22639,38.8273,-77.9949,Hume,Virginia,VA,Fauquier,61,4
22643,38.904,-78.0019,Markham,Virginia,VA,Fauquier,61,4
22712,38.5453,-77.7561,Bealeton,Virginia,VA,Fauquier,61,4
22720,38.4725,-77.6423,Goldvein,Virginia,VA,Fauquier,61,4
22728,38.5671,-77.7127,Midland,Virginia,VA,Fauquier,61,4
22734,38.5309,-77.8037,Remington,Virginia,VA,Fauquier,61,4
22739,38.5059,-77.5956,Somerville,Virginia,VA,Fauquier,61,4
22742,38.4674,-77.7044,Sumerduck,Virginia,VA,Fauquier,61,4
24072,37.0446,-80.228,Check,Virginia,VA,Floyd,63,1
24079,37.0556,-80.1525,Copper Hill,Virginia,VA,Floyd,63,4
24091,36.8957,-80.3275,Floyd,Virginia,VA,Floyd,63,4
24105,36.899,-80.5757,Indian Valley,Virginia,VA,Floyd,63,4
24380,36.8749,-80.4909,Willis,Virginia,VA,Floyd,63,4
22963,37.8931,-78.3386,Palmyra,Virginia,VA,Fluvanna,65,4
22974,37.9636,-78.2535,Troy,Virginia,VA,Fluvanna,65,4
23022,37.7453,-78.2672,Bremo Bluff,Virginia,VA,Fluvanna,65,4
23055,37.7715,-78.2355,Fork Union,Virginia,VA,Fluvanna,65,4
23084,37.8942,-78.1208,Kents Store,Virginia,VA,Fluvanna,65,4
24065,37.1331,-79.9556,Boones Mill,Virginia,VA,Franklin,67,4
24067,37.0285,-80.0496,Callaway,Virginia,VA,Franklin,67,4
24088,36.9168,-80.0349,Ferrum,Virginia,VA,Franklin,67,4
24092,36.9859,-79.773,Glade Hill,Virginia,VA,Franklin,67,1
24102,36.8393,-79.9904,Henry,Virginia,VA,Franklin,67,4
24137,36.9201,-79.6645,Penhook,Virginia,VA,Franklin,67,4
24146,37.0069,-79.9139,Redwood,Virginia,VA,Franklin,67,4
24151,36.9891,-79.884,Rocky Mount,Virginia,VA,Franklin,67,4
24176,37.0131,-79.6864,Union Hall,Virginia,VA,Franklin,67,4
24184,37.0818,-79.7573,Wirtz,Virginia,VA,Franklin,67,4
22602,39.1501,-78.269,Winchester,Virginia,VA,Frederick,69,4
22603,39.264,-78.1989,Winchester,Virginia,VA,Frederick,69,4
22622,39.2543,-78.0664,Brucetown,Virginia,VA,Frederick,69,4
22624,39.2655,-78.0988,Clear Brook,Virginia,VA,Frederick,69,4
22625,39.3744,-78.3081,Cross Junction,Virginia,VA,Frederick,69,4
22637,39.2887,-78.3417,Gore,Virginia,VA,Frederick,69,4
22645,39.0367,-78.2815,Middletown,Virginia,VA,Frederick,69,4
22654,39.0908,-78.4343,Star Tannery,Virginia,VA,Frederick,69,1
22655,39.0834,-78.1907,Stephens City,Virginia,VA,Frederick,69,4
22656,39.1973,-78.0941,Stephenson,Virginia,VA,Frederick,69,4
24086,37.2743,-80.6343,Eggleston,Virginia,VA,Giles,71,4
24093,37.3669,-80.8634,Glen Lyn,Virginia,VA,Giles,71,4
24124,37.3198,-80.8548,Narrows,Virginia,VA,Giles,71,4
24128,37.3069,-80.5099,Newport,Virginia,VA,Giles,71,4
24134,37.3041,-80.7267,Pearisburg,Virginia,VA,Giles,71,4
24136,37.3312,-80.5975,Pembroke,Virginia,VA,Giles,71,4
24147,37.385,-80.8227,Rich Creek,Virginia,VA,Giles,71,4
24150,37.3665,-80.6717,Ripplemead,Virginia,VA,Giles,71,4
24167,37.2491,-80.7344,Staffordsville,Virginia,VA,Giles,71,4
23001,37.2882,-76.426,Achilles,Virginia,VA,Gloucester,73,4
23003,37.4323,-76.6016,Ark,Virginia,VA,Gloucester,73,4
23018,37.271,-76.4555,Bena,Virginia,VA,Gloucester,73,4
23050,37.5001,-76.454,Dutton,Virginia,VA,Gloucester,73,4
23061,37.4126,-76.5464,Gloucester,Virginia,VA,Gloucester,73,4
23062,37.2585,-76.4959,Gloucester Point,Virginia,VA,Gloucester,73,4
23072,37.2916,-76.4905,Hayes,Virginia,VA,Gloucester,73,4
23107,37.2864,-76.4048,Maryus,Virginia,VA,Gloucester,73,4
23131,37.3122,-76.5188,Ordinary,Virginia,VA,Gloucester,73,4
23154,37.3896,-76.4549,Schley,Virginia,VA,Gloucester,73,4
23155,37.4182,-76.5084,Severn,Virginia,VA,Gloucester,73,4
23178,37.4004,-76.4529,Ware Neck,Virginia,VA,Gloucester,73,4
23183,37.3632,-76.5325,White Marsh,Virginia,VA,Gloucester,73,4
23184,37.291,-76.5094,Wicomico,Virginia,VA,Gloucester,73,4
23190,37.482,-76.6362,Woods Cross Roads,Virginia,VA,Gloucester,73,1
23014,37.7338,-77.8881,Beaumont,Virginia,VA,Goochland,75,4
23038,37.7147,-78.1794,Columbia,Virginia,VA,Goochland,75,4
23039,37.6718,-77.794,Crozier,Virginia,VA,Goochland,75,4
23063,37.7688,-78.0112,Goochland,Virginia,VA,Goochland,75,4
23065,37.7982,-77.9375,Gum Spring,Virginia,VA,Goochland,75,4
23067,37.8252,-77.9899,Hadensville,Virginia,VA,Goochland,75,4
23102,37.7126,-77.8315,Maidens,Virginia,VA,Goochland,75,4
23103,37.638,-77.7077,Manakin Sabot,Virginia,VA,Goochland,75,1
23129,37.704,-77.7853,Oilville,Virginia,VA,Goochland,75,4
23153,37.7526,-77.9125,Sandy Hook,Virginia,VA,Goochland,75,4
23160,37.6454,-77.8283,State Farm,Virginia,VA,Goochland,75,4
24292,36.6106,-81.5839,Whitetop,Virginia,VA,Grayson,77,4
24326,36.7306,-81.1915,Elk Creek,Virginia,VA,Grayson,77,4
24330,36.7247,-81.0042,Fries,Virginia,VA,Grayson,77,4
24348,36.6294,-81.1582,Independence,Virginia,VA,Grayson,77,4
24363,36.6104,-81.3955,Mouth Of Wilson,Virginia,VA,Grayson,77,4
24378,36.8611,-81.4929,Troutdale,Virginia,VA,Grayson,77,1
22935,38.2705,-78.5578,Dyke,Virginia,VA,Greene,79,4
22965,38.3301,-78.475,Quinque,Virginia,VA,Greene,79,4
22968,38.2586,-78.4074,Ruckersville,Virginia,VA,Greene,79,4
22973,38.3121,-78.482,Stanardsville,Virginia,VA,Greene,79,4
23870,36.8143,-77.4683,Jarratt,Virginia,VA,Greensville,81,4
23879,36.5958,-77.5921,Skippers,Virginia,VA,Greensville,81,4
24520,36.5894,-79.0202,Alton,Virginia,VA,Halifax,83,4
24534,36.8637,-78.7862,Clover,Virginia,VA,Halifax,83,4
24535,36.6113,-78.9455,Cluster Springs,Virginia,VA,Halifax,83,4
24539,36.8513,-78.9179,Crystal Hill,Virginia,VA,Halifax,83,4
24558,36.7626,-78.9415,Halifax,Virginia,VA,Halifax,83,4
24577,36.9356,-78.972,Nathalie,Virginia,VA,Halifax,83,4
24589,36.7862,-78.7866,Scottsburg,Virginia,VA,Halifax,83,4
24592,36.6963,-78.9188,South Boston,Virginia,VA,Halifax,83,4
24597,36.7853,-79.1095,Vernon Hill,Virginia,VA,Halifax,83,4
24598,36.6062,-78.7605,Virgilina,Virginia,VA,Halifax,83,4
23005,37.7395,-77.4784,Ashland,Virginia,VA,Hanover,85,4
23015,37.9038,-77.6308,Beaverdam,Virginia,VA,Hanover,85,4
23047,37.8417,-77.5125,Doswell,Virginia,VA,Hanover,85,4
23059,37.7284,-77.5544,Glen Allen,Virginia,VA,Hanover,85,4
23069,37.7701,-77.3216,Hanover,Virginia,VA,Hanover,85,4
23111,37.6281,-77.3395,Mechanicsville,Virginia,VA,Hanover,85,4
23116,37.6691,-77.3294,Mechanicsville,Virginia,VA,Hanover,85,4
23146,37.7337,-77.7,Rockville,Virginia,VA,Hanover,85,4
23162,37.6757,-77.2908,Studley,Virginia,VA,Hanover,85,4
23192,37.8177,-77.6924,Montpelier,Virginia,VA,Hanover,85,4
23058,37.5313,-77.4161,Glen Allen,Virginia,VA,Henrico,87,4
23060,37.6628,-77.534,Glen Allen,Virginia,VA,Henrico,87,4
23075,37.546,-77.3278,Henrico,Virginia,VA,Henrico,87,4
23150,37.5157,-77.2758,Sandston,Virginia,VA,Henrico,87,4
23226,37.5825,-77.5197,Richmond,Virginia,VA,Henrico,87,4
23227,37.6247,-77.4351,Richmond,Virginia,VA,Henrico,87,4
23228,37.4638,-77.398,Henrico,Virginia,VA,Henrico,87,4
23229,37.4638,-77.398,Henrico,Virginia,VA,Henrico,87,4
23230,37.5921,-77.4952,Richmond,Virginia,VA,Henrico,87,4
23231,37.4638,-77.398,Henrico,Virginia,VA,Henrico,87,4
23233,37.4638,-77.398,Henrico,Virginia,VA,Henrico,87,4
23238,37.52,-77.4369,Henrico,Virginia,VA,Henrico,87,1
23242,37.4638,-77.398,Henrico,Virginia,VA,Henrico,87,4
23250,37.5075,-77.3329,Richmond,Virginia,VA,Henrico,87,4
23255,37.4638,-77.398,Henrico,Virginia,VA,Henrico,87,4
23288,37.4638,-77.398,Henrico,Virginia,VA,Henrico,87,4
23289,37.5313,-77.4161,Richmond,Virginia,VA,Henrico,87,4
23294,37.631,-77.546,Henrico,Virginia,VA,Henrico,87,4
24054,36.6596,-79.712,Axton,Virginia,VA,Henry,89,4
24055,36.7534,-80.0055,Bassett,Virginia,VA,Henry,89,4
24078,36.7238,-79.9142,Collinsville,Virginia,VA,Henry,89,4
24089,36.7064,-79.9652,Fieldale,Virginia,VA,Henry,89,4
24148,36.5874,-79.8686,Ridgeway,Virginia,VA,Henry,89,4
24165,36.5968,-80.0373,Spencer,Virginia,VA,Henry,89,4
24168,36.7348,-79.9465,Stanleytown,Virginia,VA,Henry,89,4
24413,38.5152,-79.5613,Blue Grass,Virginia,VA,Highland,91,4
24433,38.4321,-79.4445,Doe Hill,Virginia,VA,Highland,91,4
24442,38.2946,-79.4353,Head Waters,Virginia,VA,Highland,91,1
24458,38.3266,-79.4988,Mc Dowell,Virginia,VA,Highland,91,1
24465,38.4058,-79.5941,Monterey,Virginia,VA,Highland,91,4
24468,38.386,-79.5592,Mustoe,Virginia,VA,Highland,91,4
23304,36.9965,-76.5741,Battery Park,Virginia,VA,Isle of Wight,93,4
23314,36.955,-76.543,Carrollton,Virginia,VA,Isle of Wight,93,4
23315,36.7454,-76.8365,Carrsville,Virginia,VA,Isle of Wight,93,4
23397,36.8989,-76.6877,Isle Of Wight,Virginia,VA,Isle of Wight,93,4
23424,36.9969,-76.5645,Rescue,Virginia,VA,Isle of Wight,93,4
23430,36.9811,-76.6368,Smithfield,Virginia,VA,Isle of Wight,93,4
23431,36.8989,-76.6877,Smithfield,Virginia,VA,Isle of Wight,93,4
23487,36.8369,-76.7324,Windsor,Virginia,VA,Isle of Wight,93,4
23898,36.8437,-76.811,Zuni,Virginia,VA,Isle of Wight,93,4
23081,37.2235,-76.7833,Jamestown,Virginia,VA,James City,95,4
23127,37.3688,-76.7705,Norge,Virginia,VA,James City,95,4
23168,37.3901,-76.8253,Toano,Virginia,VA,James City,95,4
23185,37.2732,-76.7324,Williamsburg,Virginia,VA,James City,95,4
23188,37.3178,-76.7634,Williamsburg,Virginia,VA,James City,95,4
23023,37.7801,-76.9402,Bruington,Virginia,VA,King and Queen,97,4
23085,37.6699,-76.8775,King And Queen Court House,Virginia,VA,King and Queen,97,4
23091,37.6642,-76.8255,Little Plymouth,Virginia,VA,King and Queen,97,4
23108,37.6271,-76.7072,Mascot,Virginia,VA,King and Queen,97,4
23110,37.6135,-76.8101,Mattaponi,Virginia,VA,King and Queen,97,4
23126,37.9226,-77.1449,Newtown,Virginia,VA,King and Queen,97,4
23148,37.8479,-77.055,Saint Stephens Church,Virginia,VA,King and Queen,97,1
23156,37.5213,-76.7099,Shacklefords,Virginia,VA,King and Queen,97,4
23161,37.7146,-76.9352,Stevensville,Virginia,VA,King and Queen,97,4
23177,37.7554,-77.0185,Walkerton,Virginia,VA,King and Queen,97,4
22448,38.3375,-77.0429,Dahlgren,Virginia,VA,King George,99,4
22451,38.2321,-77.2158,Dogue,Virginia,VA,King George,99,4
22481,38.2115,-77.1394,Jersey,Virginia,VA,King George,99,4
22485,38.2811,-77.126,King George,Virginia,VA,King George,99,4
22526,38.2712,-77.0561,Ninde,Virginia,VA,King George,99,4
22544,38.1849,-77.0622,Rollins Fork,Virginia,VA,King George,99,4
22547,38.2711,-77.1726,Sealston,Virginia,VA,King George,99,4
23009,37.8221,-77.1885,Aylett,Virginia,VA,King William,101,4
23086,37.7202,-77.0998,King William,Virginia,VA,King William,101,4
23106,37.7184,-77.186,Manquin,Virginia,VA,King William,101,4
23181,37.5556,-76.8237,West Point,Virginia,VA,King William,101,4
22480,37.6645,-76.416,Irvington,Virginia,VA,Lancaster,103,4
22482,37.7162,-76.382,Kilmarnock,Virginia,VA,Lancaster,103,4
22503,37.7395,-76.5002,Lancaster,Virginia,VA,Lancaster,103,4
22507,37.7572,-76.5118,Lively,Virginia,VA,Lancaster,103,4
22513,37.7338,-76.4825,Merry Point,Virginia,VA,Lancaster,103,4
22517,37.7301,-76.538,Mollusk,Virginia,VA,Lancaster,103,4
22523,37.7928,-76.6093,Morattico,Virginia,VA,Lancaster,103,4
22528,37.7935,-76.5508,Nuttsville,Virginia,VA,Lancaster,103,4
22576,37.6847,-76.4313,Weems,Virginia,VA,Lancaster,103,4
22578,37.6886,-76.3616,White Stone,Virginia,VA,Lancaster,103,4
24218,36.7435,-83.2234,Ben Hur,Virginia,VA,Lee,105,4
24221,36.639,-82.9866,Blackwater,Virginia,VA,Lee,105,4
24243,36.7818,-82.9305,Dryden,Virginia,VA,Lee,105,4
24248,36.6237,-83.5047,Ewing,Virginia,VA,Lee,105,4
24263,36.6896,-83.1362,Jonesville,Virginia,VA,Lee,105,4
24265,36.8239,-82.9772,Keokee,Virginia,VA,Lee,105,4
24277,36.7508,-83.0223,Pennington Gap,Virginia,VA,Lee,105,4
24281,36.6583,-83.3486,Rose Hill,Virginia,VA,Lee,105,4
24282,36.8315,-83.0518,Saint Charles,Virginia,VA,Lee,105,4
20101,39.0021,-77.4421,Dulles,Virginia,VA,Loudoun,107,4
20102,39.0853,-77.6452,Dulles,Virginia,VA,Loudoun,107,4
20103,38.9962,-77.45,Dulles,Virginia,VA,Loudoun,107,4
20104,39.0853,-77.6452,Dulles,Virginia,VA,Loudoun,107,4
20105,38.9577,-77.6038,Aldie,Virginia,VA,Loudoun,107,4
20117,38.9687,-77.7355,Middleburg,Virginia,VA,Loudoun,107,4
20118,38.9687,-77.7355,Middleburg,Virginia,VA,Loudoun,107,4
20129,39.1603,-77.6097,Paeonian Springs,Virginia,VA,Loudoun,107,4
20131,39.058,-77.7434,Philomont,Virginia,VA,Loudoun,107,4
20132,39.1436,-77.7342,Purcellville,Virginia,VA,Loudoun,107,4
20134,39.1522,-77.7026,Purcellville,Virginia,VA,Loudoun,107,4
20135,39.0823,-77.8467,Bluemont,Virginia,VA,Loudoun,107,4
20141,39.1164,-77.7802,Round Hill,Virginia,VA,Loudoun,107,4
20142,39.1307,-77.7747,Round Hill,Virginia,VA,Loudoun,107,4
20146,39.0853,-77.6452,Ashburn,Virginia,VA,Loudoun,107,4
20147,39.0373,-77.4805,Ashburn,Virginia,VA,Loudoun,107,4
20148,39.0142,-77.5285,Ashburn,Virginia,VA,Loudoun,107,4
20149,39.0437,-77.4875,Ashburn,Virginia,VA,Loudoun,107,4
20152,38.8976,-77.5092,Chantilly,Virginia,VA,Loudoun,107,4
20158,39.1383,-77.6573,Hamilton,Virginia,VA,Loudoun,107,4
20159,39.1339,-77.6621,Hamilton,Virginia,VA,Loudoun,107,4
20160,39.0985,-77.6883,Lincoln,Virginia,VA,Loudoun,107,4
20163,39.0062,-77.4286,Sterling,Virginia,VA,Loudoun,107,4
20164,39.023,-77.3994,Sterling,Virginia,VA,Loudoun,107,4
20165,39.0472,-77.3866,Sterling,Virginia,VA,Loudoun,107,4
20166,38.9814,-77.4723,Sterling,Virginia,VA,Loudoun,107,4
20167,39.0062,-77.4286,Sterling,Virginia,VA,Loudoun,107,4
20175,39.042,-77.6054,Leesburg,Virginia,VA,Loudoun,107,4
20176,39.1821,-77.5359,Leesburg,Virginia,VA,Loudoun,107,4
20177,39.1157,-77.5636,Leesburg,Virginia,VA,Loudoun,107,4
20178,39.1157,-77.5636,Leesburg,Virginia,VA,Loudoun,107,4
20180,39.2204,-77.6596,Lovettsville,Virginia,VA,Loudoun,107,4
20189,39.009,-77.4421,Dulles,Virginia,VA,Loudoun,107,4
20197,39.1882,-77.63,Waterford,Virginia,VA,Loudoun,107,4
20598,38.9904,-77.4477,Dhs,Virginia,VA,Loudoun,107,
23024,37.8984,-77.7966,Bumpass,Virginia,VA,Louisa,109,4
23093,38.0132,-78.0347,Louisa,Virginia,VA,Louisa,109,4
23117,37.9986,-77.8781,Mineral,Virginia,VA,Louisa,109,4
23170,38.0515,-78.0728,Trevilians,Virginia,VA,Louisa,109,4
23938,36.9053,-78.01,Dundas,Virginia,VA,Lunenburg,111,4
23941,36.9182,-78.4861,Fort Mitchell,Virginia,VA,Lunenburg,111,4
23944,36.933,-78.1242,Kenbridge,Virginia,VA,Lunenburg,111,4
23952,36.9291,-78.2915,Lunenburg,Virginia,VA,Lunenburg,111,4
23974,36.9835,-78.2372,Victoria,Virginia,VA,Lunenburg,111,4
22709,38.3256,-78.2366,Aroda,Virginia,VA,Madison,113,4
22711,38.4512,-78.2817,Banco,Virginia,VA,Madison,113,4
22715,38.4114,-78.1698,Brightwood,Virginia,VA,Madison,113,4
22719,38.5095,-78.2638,Etlan,Virginia,VA,Madison,113,4
22722,38.4535,-78.2522,Haywood,Virginia,VA,Madison,113,4
22723,38.3549,-78.3828,Hood,Virginia,VA,Madison,113,4
22725,38.4285,-78.2678,Leon,Virginia,VA,Madison,113,4
22727,38.37,-78.2976,Madison,Virginia,VA,Madison,113,4
22730,38.3674,-78.1628,Oakpark,Virginia,VA,Madison,113,4
22731,38.3366,-78.2573,Pratts,Virginia,VA,Madison,113,4
22732,38.3146,-78.1899,Radiant,Virginia,VA,Madison,113,4
22738,38.3215,-78.3042,Rochelle,Virginia,VA,Madison,113,4
22743,38.4972,-78.3229,Syria,Virginia,VA,Madison,113,4
22748,38.3557,-78.3475,Wolftown,Virginia,VA,Madison,113,4
22948,38.3572,-78.1229,Locust Dale,Virginia,VA,Madison,113,4
22989,38.2912,-78.1225,Woodberry Forest,Virginia,VA,Madison,113,1
23021,37.3905,-76.3614,Bohannon,Virginia,VA,Mathews,115,4
23025,37.4128,-76.3616,Cardinal,Virginia,VA,Mathews,115,4
23035,37.4959,-76.3863,Cobbs Creek,Virginia,VA,Mathews,115,4
23045,37.4296,-76.2629,Diggs,Virginia,VA,Mathews,115,4
23056,37.4529,-76.3849,Foster,Virginia,VA,Mathews,115,4
23064,37.4961,-76.3,Grimstead,Virginia,VA,Mathews,115,4
23066,37.5043,-76.2886,Gwynn,Virginia,VA,Mathews,115,4
23068,37.4937,-76.3402,Hallieford,Virginia,VA,Mathews,115,4
23076,37.4766,-76.3089,Hudgins,Virginia,VA,Mathews,115,4
23109,37.4383,-76.3544,Mathews,Virginia,VA,Mathews,115,4
23119,37.4487,-76.2766,Moon,Virginia,VA,Mathews,115,4
23125,37.3438,-76.2878,New Point,Virginia,VA,Mathews,115,4
23128,37.4401,-76.4238,North,Virginia,VA,Mathews,115,1
23130,37.3985,-76.2941,Onemo,Virginia,VA,Mathews,115,4
23138,37.386,-76.3172,Port Haywood,Virginia,VA,Mathews,115,4
23163,37.3508,-76.3161,Susan,Virginia,VA,Mathews,115,4
23915,36.7236,-78.279,Baskerville,Virginia,VA,Mecklenburg,117,4
23917,36.6544,-78.3752,Boydton,Virginia,VA,Mecklenburg,117,4
23919,36.5763,-78.1059,Bracey,Virginia,VA,Mecklenburg,117,4
23924,36.8053,-78.4553,Chase City,Virginia,VA,Mecklenburg,117,4
23927,36.624,-78.5569,Clarksville,Virginia,VA,Mecklenburg,117,4
23950,36.6613,-78.0754,La Crosse,Virginia,VA,Mecklenburg,117,4
23968,36.7317,-78.5306,Skipwith,Virginia,VA,Mecklenburg,117,4
23970,36.7124,-78.1534,South Hill,Virginia,VA,Mecklenburg,117,4
24529,36.6168,-78.6093,Buffalo Junction,Virginia,VA,Mecklenburg,117,4
24580,36.5586,-78.671,Nelson,Virginia,VA,Mecklenburg,117,4
23031,37.5984,-76.4476,Christchurch,Virginia,VA,Middlesex,119,4
23032,37.675,-76.6629,Church View,Virginia,VA,Middlesex,119,4
23043,37.5549,-76.3468,Deltaville,Virginia,VA,Middlesex,119,4
23070,37.5512,-76.3844,Hardyville,Virginia,VA,Middlesex,119,4
23071,37.5594,-76.4769,Hartfield,Virginia,VA,Middlesex,119,4
23079,37.73,-76.689,Jamaica,Virginia,VA,Middlesex,119,4
23092,37.5826,-76.4984,Locust Hill,Virginia,VA,Middlesex,119,4
23149,37.5949,-76.5921,Saluda,Virginia,VA,Middlesex,119,4
23169,37.6009,-76.4575,Topping,Virginia,VA,Middlesex,119,4
23175,37.6356,-76.5918,Urbanna,Virginia,VA,Middlesex,119,4
23176,37.5681,-76.4323,Wake,Virginia,VA,Middlesex,119,4
23180,37.7105,-76.6227,Water View,Virginia,VA,Middlesex,119,4
24023,37.271,-79.9414,Roanoke,Virginia,VA,Montgomery,121,4
24060,37.2563,-80.4347,Blacksburg,Virginia,VA,Montgomery,121,4
24061,37.1791,-80.3515,Blacksburg,Virginia,VA,Montgomery,121,4
24062,37.2296,-80.4139,Blacksburg,Virginia,VA,Montgomery,121,4
24063,37.2296,-80.4139,Blacksburg,Virginia,VA,Montgomery,121,4
24068,37.1548,-80.4184,Christiansburg,Virginia,VA,Montgomery,121,4
24073,37.1353,-80.4188,Christiansburg,Virginia,VA,Montgomery,121,4
24111,37.1742,-80.3957,Mc Coy,Virginia,VA,Montgomery,121,1
24138,37.0565,-80.3229,Pilot,Virginia,VA,Montgomery,121,4
24149,37.0322,-80.4353,Riner,Virginia,VA,Montgomery,121,4
24162,37.1466,-80.2715,Shawsville,Virginia,VA,Montgomery,121,4
22920,37.9626,-78.841,Afton,Virginia,VA,Nelson,125,4
22922,37.6902,-78.9479,Arrington,Virginia,VA,Nelson,125,4
22938,37.8475,-78.7565,Faber,Virginia,VA,Nelson,125,4
22949,37.7924,-78.8684,Lovingston,Virginia,VA,Nelson,125,4
22958,37.902,-78.9004,Nellysford,Virginia,VA,Nelson,125,4
22964,37.7051,-79.0231,Piney River,Virginia,VA,Nelson,125,4
22967,37.8077,-78.9712,Roseland,Virginia,VA,Nelson,125,4
22969,37.7976,-78.6925,Schuyler,Virginia,VA,Nelson,125,4
22971,37.76,-78.8105,Shipman,Virginia,VA,Nelson,125,4
22976,37.8391,-79.0693,Tyro,Virginia,VA,Nelson,125,4
24464,37.8654,-79.0804,Montebello,Virginia,VA,Nelson,125,4
24553,37.5473,-78.8508,Gladstone,Virginia,VA,Nelson,125,4
24581,37.6432,-78.8089,Norwood,Virginia,VA,Nelson,125,4
24599,37.6399,-78.7239,Wingina,Virginia,VA,Nelson,125,4
23011,37.4617,-76.8321,Barhamsville,Virginia,VA,New Kent,127,4
23089,37.4194,-76.9027,Lanexa,Virginia,VA,New Kent,127,4
23124,37.553,-77.0742,New Kent,Virginia,VA,New Kent,127,4
23140,37.4418,-77.0436,Providence Forge,Virginia,VA,New Kent,127,4
23141,37.5185,-77.1486,Quinton,Virginia,VA,New Kent,127,4
23307,37.439,-75.881,Birdsnest,Virginia,VA,Northampton,131,4
23310,37.2799,-75.9721,Cape Charles,Virginia,VA,Northampton,131,4
23313,37.2019,-75.9524,Capeville,Virginia,VA,Northampton,131,4
23316,37.2896,-75.9713,Cheriton,Virginia,VA,Northampton,131,4
23347,37.3526,-75.9458,Eastville,Virginia,VA,Northampton,131,4
23350,37.5117,-75.8526,Exmore,Virginia,VA,Northampton,131,4
23354,37.4588,-75.9007,Franktown,Virginia,VA,Northampton,131,4
23398,37.5151,-75.9305,Jamesville,Virginia,VA,Northampton,131,4
23405,37.4014,-75.9082,Machipongo,Virginia,VA,Northampton,131,4
23408,37.4556,-75.8473,Marionville,Virginia,VA,Northampton,131,4
23413,37.4728,-75.858,Nassawadox,Virginia,VA,Northampton,131,4
23419,37.3074,-75.9269,Oyster,Virginia,VA,Northampton,131,4
23429,37.2711,-75.9536,Seaview,Virginia,VA,Northampton,131,4
23443,37.1882,-75.969,Townsend,Virginia,VA,Northampton,131,4
23482,37.5349,-75.8769,Wardtown,Virginia,VA,Northampton,131,4
23486,37.5157,-75.8066,Willis Wharf,Virginia,VA,Northampton,131,4
22432,37.8687,-76.3542,Burgess,Virginia,VA,Northumberland,133,4
22435,37.9773,-76.5732,Callao,Virginia,VA,Northumberland,133,4
22456,37.9065,-76.3652,Edwardsville,Virginia,VA,Northumberland,133,4
22473,37.9072,-76.4178,Heathsville,Virginia,VA,Northumberland,133,4
22511,37.9792,-76.5018,Lottsburg,Virginia,VA,Northumberland,133,4
22530,37.9094,-76.2934,Ophelia,Virginia,VA,Northumberland,133,4
22539,37.857,-76.2829,Reedville,Virginia,VA,Northumberland,133,4
22579,37.8025,-76.3636,Wicomico Church,Virginia,VA,Northumberland,133,4
23824,37.0916,-77.9851,Blackstone,Virginia,VA,Nottoway,135,4
23922,37.1952,-78.1961,Burkeville,Virginia,VA,Nottoway,135,4
23930,37.1657,-78.1059,Crewe,Virginia,VA,Nottoway,135,4
23955,37.1161,-78.0578,Nottoway,Virginia,VA,Nottoway,135,1
22433,38.3446,-77.8719,Burr Hill,Virginia,VA,Orange,137,4
22508,38.3352,-77.7709,Locust Grove,Virginia,VA,Orange,137,4
22542,38.2863,-77.923,Rhoadesville,Virginia,VA,Orange,137,4
22567,38.2383,-77.9193,Unionville,Virginia,VA,Orange,137,4
22923,38.2095,-78.3098,Barboursville,Virginia,VA,Orange,137,4
22942,38.1759,-78.1815,Gordonsville,Virginia,VA,Orange,137,4
22957,38.227,-78.1768,Montpelier Station,Virginia,VA,Orange,137,4
22960,38.2192,-78.0461,Orange,Virginia,VA,Orange,137,4
22972,38.1997,-78.2394,Somerset,Virginia,VA,Orange,137,4
22650,38.7564,-78.3873,Rileyville,Virginia,VA,Page,139,4
22835,38.6548,-78.4596,Luray,Virginia,VA,Page,139,4
22849,38.501,-78.609,Shenandoah,Virginia,VA,Page,139,4
22851,38.566,-78.5093,Stanley,Virginia,VA,Page,139,4
24053,36.6139,-80.5093,Ararat,Virginia,VA,Patrick,141,4
24076,36.5896,-80.4184,Claudville,Virginia,VA,Patrick,141,4
24082,36.6211,-80.1298,Critz,Virginia,VA,Patrick,141,4
24120,36.725,-80.4022,Meadows Of Dan,Virginia,VA,Patrick,141,4
24133,36.6744,-80.1388,Patrick Springs,Virginia,VA,Patrick,141,4
24171,36.6517,-80.2392,Stuart,Virginia,VA,Patrick,141,4
24177,36.7241,-80.3581,Vesta,Virginia,VA,Patrick,141,4
24185,36.7921,-80.2774,Woolwine,Virginia,VA,Patrick,141,4
24069,36.5927,-79.6574,Cascade,Virginia,VA,Pittsylvania,143,4
24139,36.9716,-79.4794,Pittsville,Virginia,VA,Pittsylvania,143,4
24161,36.991,-79.5614,Sandy Level,Virginia,VA,Pittsylvania,143,4
24527,36.6799,-79.3731,Blairs,Virginia,VA,Pittsylvania,143,4
24530,36.7647,-79.6288,Callands,Virginia,VA,Pittsylvania,143,4
24531,36.831,-79.4297,Chatham,Virginia,VA,Pittsylvania,143,4
24549,36.743,-79.458,Dry Fork,Virginia,VA,Pittsylvania,143,4
24557,36.9695,-79.3389,Gretna,Virginia,VA,Pittsylvania,143,4
24563,37.0798,-79.3,Hurt,Virginia,VA,Pittsylvania,143,4
24565,36.8586,-79.187,Java,Virginia,VA,Pittsylvania,143,4
24566,36.7156,-79.2783,Keeling,Virginia,VA,Pittsylvania,143,4
24586,36.6035,-79.2988,Ringgold,Virginia,VA,Pittsylvania,143,4
24594,36.6258,-79.195,Sutherlin,Virginia,VA,Pittsylvania,143,4
23139,37.5421,-77.9189,Powhatan,Virginia,VA,Powhatan,145,4
23901,37.3027,-78.4076,Farmville,Virginia,VA,Prince Edward,147,4
23909,37.3016,-78.3949,Farmville,Virginia,VA,Prince Edward,147,4
23942,37.1234,-78.3072,Green Bay,Virginia,VA,Prince Edward,147,4
23943,37.2381,-78.4618,Hampden Sydney,Virginia,VA,Prince Edward,147,4
23954,37.1013,-78.3874,Meherrin,Virginia,VA,Prince Edward,147,4
23960,37.3058,-78.5462,Prospect,Virginia,VA,Prince Edward,147,4
23966,37.2721,-78.2793,Rice,Virginia,VA,Prince Edward,147,4
23801,37.2447,-77.3341,Fort Lee,Virginia,VA,Prince George,149,4
23842,37.1483,-77.2732,Disputanta,Virginia,VA,Prince George,149,4
23875,37.2333,-77.2747,Prince George,Virginia,VA,Prince George,149,4
20136,38.7343,-77.5474,Bristow,Virginia,VA,Prince William,153,4
20143,38.8543,-77.5719,Catharpin,Virginia,VA,Prince William,153,4
20155,38.8157,-77.6216,Gainesville,Virginia,VA,Prince William,153,4
20156,38.7219,-77.4669,Gainesville,Virginia,VA,Prince William,153,4
20168,38.8121,-77.6364,Haymarket,Virginia,VA,Prince William,153,4
20169,38.8674,-77.6445,Haymarket,Virginia,VA,Prince William,153,4
20181,38.7,-77.5483,Nokesville,Virginia,VA,Prince William,153,4
20182,38.7009,-77.5857,Nokesville,Virginia,VA,Prince William,153,4
22025,38.5993,-77.3403,Dumfries,Virginia,VA,Prince William,153,4
22026,38.5669,-77.2921,Dumfries,Virginia,VA,Prince William,153,4
22125,38.6816,-77.2605,Occoquan,Virginia,VA,Prince William,153,4
22134,38.531,-77.3358,Quantico,Virginia,VA,Prince William,153,4
22135,38.5223,-77.2936,Quantico,Virginia,VA,Prince William,153,4
22172,38.5509,-77.3229,Triangle,Virginia,VA,Prince William,153,4
22191,38.6356,-77.2683,Woodbridge,Virginia,VA,Prince William,153,4
22192,38.676,-77.3163,Woodbridge,Virginia,VA,Prince William,153,4
22193,38.6438,-77.3451,Woodbridge,Virginia,VA,Prince William,153,4
22194,38.6582,-77.2497,Woodbridge,Virginia,VA,Prince William,153,4
22195,38.6582,-77.2497,Woodbridge,Virginia,VA,Prince William,153,4
24058,37.1982,-80.6151,Belspring,Virginia,VA,Pulaski,155,4
24084,37.1057,-80.6853,Dublin,Virginia,VA,Pulaski,155,4
24126,37.0692,-80.6891,Newbern,Virginia,VA,Pulaski,155,4
24129,37.0964,-80.6081,New River,Virginia,VA,Pulaski,155,4
24132,37.2048,-80.6205,Parrott,Virginia,VA,Pulaski,155,4
24301,37.0567,-80.771,Pulaski,Virginia,VA,Pulaski,155,4
24324,36.9697,-80.8188,Draper,Virginia,VA,Pulaski,155,4
24347,36.9756,-80.6695,Hiwassee,Virginia,VA,Pulaski,155,4
20106,38.6842,-78.0168,Amissville,Virginia,VA,Rappahannock,157,4
22623,38.8537,-78.1412,Chester Gap,Virginia,VA,Rappahannock,157,4
22627,38.7629,-78.1,Flint Hill,Virginia,VA,Rappahannock,157,4
22640,38.8129,-78.1165,Huntly,Virginia,VA,Rappahannock,157,4
22716,38.6032,-78.1208,Castleton,Virginia,VA,Rappahannock,157,4
22740,38.6203,-78.2466,Sperryville,Virginia,VA,Rappahannock,157,4
22746,38.6457,-78.0258,Viewtown,Virginia,VA,Rappahannock,157,4
22747,38.7078,-78.1566,Washington,Virginia,VA,Rappahannock,157,4
22749,38.6482,-78.1739,Woodville,Virginia,VA,Rappahannock,157,4
22460,37.874,-76.605,Farnham,Virginia,VA,Richmond,159,4
22472,37.9505,-76.6367,Haynesville,Virginia,VA,Richmond,159,4
22548,37.824,-76.7008,Sharps,Virginia,VA,Richmond,159,4
22570,37.9472,-76.6154,Village,Virginia,VA,Richmond,159,4
22572,37.9695,-76.7665,Warsaw,Virginia,VA,Richmond,159,4
24018,37.2503,-80.0525,Roanoke,Virginia,VA,Roanoke,161,1
24020,37.3589,-79.9448,Roanoke,Virginia,VA,Roanoke,161,1
24059,37.1549,-80.1215,Bent Mountain,Virginia,VA,Roanoke,161,4
24070,37.3696,-80.1284,Catawba,Virginia,VA,Roanoke,161,4
24087,37.2165,-80.2325,Elliston,Virginia,VA,Roanoke,161,4
24179,37.2757,-79.8775,Vinton,Virginia,VA,Roanoke,161,4
24415,37.9285,-79.3192,Brownsburg,Virginia,VA,Rockbridge,163,4
24435,37.8778,-79.2979,Fairfield,Virginia,VA,Rockbridge,163,4
24439,37.9878,-79.4773,Goshen,Virginia,VA,Rockbridge,163,4
24472,37.9374,-79.2219,Raphine,Virginia,VA,Rockbridge,163,4
24473,37.8965,-79.3874,Rockbridge Baths,Virginia,VA,Rockbridge,163,1
24483,37.8378,-79.2135,Vesuvius,Virginia,VA,Rockbridge,163,4
24555,37.643,-79.459,Glasgow,Virginia,VA,Rockbridge,163,4
24578,37.6606,-79.533,Natural Bridge,Virginia,VA,Rockbridge,163,4
24579,37.598,-79.525,Natural Bridge Station,Virginia,VA,Rockbridge,163,4
22802,38.4905,-78.8179,Harrisonburg,Virginia,VA,Rockingham,165,4
22811,38.7925,-78.9668,Bergton,Virginia,VA,Rockingham,165,4
22812,38.3859,-78.9937,Bridgewater,Virginia,VA,Rockingham,165,4
22815,38.6083,-78.7875,Broadway,Virginia,VA,Rockingham,165,4
22820,38.7497,-78.9974,Criders,Virginia,VA,Rockingham,165,4
22821,38.4707,-79.085,Dayton,Virginia,VA,Rockingham,165,4
22827,38.4025,-78.6321,Elkton,Virginia,VA,Rockingham,165,4
22830,38.6339,-78.9358,Fulks Run,Virginia,VA,Rockingham,165,4
22831,38.5689,-79.0885,Hinton,Virginia,VA,Rockingham,165,4
22832,38.4659,-78.7499,Keezletown,Virginia,VA,Rockingham,165,4
22833,38.5284,-78.8552,Lacey Spring,Virginia,VA,Rockingham,165,4
22834,38.5557,-78.8961,Linville,Virginia,VA,Rockingham,165,4
22840,38.3712,-78.7411,Mc Gaheysville,Virginia,VA,Rockingham,165,1
22841,38.3457,-78.8957,Mount Crawford,Virginia,VA,Rockingham,165,4
22846,38.375,-78.7795,Penn Laird,Virginia,VA,Rockingham,165,4
22848,38.3847,-78.8914,Pleasant Valley,Virginia,VA,Rockingham,165,4
22850,38.5574,-78.9227,Singers Glen,Virginia,VA,Rockingham,165,4
22853,38.6476,-78.7717,Timberville,Virginia,VA,Rockingham,165,4
24441,38.2484,-78.8255,Grottoes,Virginia,VA,Rockingham,165,4
24471,38.3226,-78.7886,Port Republic,Virginia,VA,Rockingham,165,4
24224,36.8764,-82.2876,Castlewood,Virginia,VA,Russell,167,4
24225,36.9502,-82.1318,Cleveland,Virginia,VA,Russell,167,4
24237,37.0054,-82.2815,Dante,Virginia,VA,Russell,167,4
24260,37.0395,-82.0246,Honaker,Virginia,VA,Russell,167,4
24266,36.8809,-82.0956,Lebanon,Virginia,VA,Russell,167,4
24280,36.9593,-81.9312,Rosedale,Virginia,VA,Russell,167,4
24649,37.0738,-81.9084,Swords Creek,Virginia,VA,Russell,167,4
24244,36.7114,-82.8337,Duffield,Virginia,VA,Scott,169,4
24245,36.8242,-82.496,Dungannon,Virginia,VA,Scott,169,4
24250,36.7438,-82.6102,Fort Blackmore,Virginia,VA,Scott,169,4
24251,36.646,-82.6112,Gate City,Virginia,VA,Scott,169,4
24258,36.6498,-82.4299,Hiltons,Virginia,VA,Scott,169,4
24271,36.7502,-82.4202,Nickelsville,Virginia,VA,Scott,169,4
24290,36.6137,-82.5618,Weber City,Virginia,VA,Scott,169,4
22626,38.9834,-78.4038,Fishers Hill,Virginia,VA,Shenandoah,171,1
22641,39.0808,-78.3913,Strasburg,Virginia,VA,Shenandoah,171,4
22644,38.9441,-78.4658,Maurertown,Virginia,VA,Shenandoah,171,4
22652,38.8407,-78.4276,Fort Valley,Virginia,VA,Shenandoah,171,1
22657,38.9884,-78.3386,Strasburg,Virginia,VA,Shenandoah,171,4
22660,38.9476,-78.4331,Toms Brook,Virginia,VA,Shenandoah,171,4
22664,38.887,-78.5217,Woodstock,Virginia,VA,Shenandoah,171,4
22810,38.8089,-78.7776,Basye,Virginia,VA,Shenandoah,171,4
22824,38.8432,-78.6003,Edinburg,Virginia,VA,Shenandoah,171,4
22842,38.7857,-78.6803,Mount Jackson,Virginia,VA,Shenandoah,171,4
22844,38.6606,-78.6714,New Market,Virginia,VA,Shenandoah,171,4
22845,38.7937,-78.8111,Orkney Springs,Virginia,VA,Shenandoah,171,4
22847,38.7201,-78.7213,Quicksburg,Virginia,VA,Shenandoah,171,4
24311,36.8665,-81.4048,Atkins,Virginia,VA,Smyth,173,4
24316,36.9546,-81.673,Broadford,Virginia,VA,Smyth,173,4
24319,36.7719,-81.6651,Chilhowie,Virginia,VA,Smyth,173,4
24354,36.8273,-81.5349,Marion,Virginia,VA,Smyth,173,4
24370,36.8927,-81.7402,Saltville,Virginia,VA,Smyth,173,4
24375,36.7736,-81.4084,Sugar Grove,Virginia,VA,Smyth,173,4
23827,36.5951,-77.1975,Boykins,Virginia,VA,Southampton,175,4
23828,36.5787,-77.2704,Branchville,Virginia,VA,Southampton,175,4
23829,36.7243,-77.2394,Capron,Virginia,VA,Southampton,175,4
23837,36.7225,-77.0783,Courtland,Virginia,VA,Southampton,175,4
23844,36.6854,-77.3591,Drewryville,Virginia,VA,Southampton,175,4
23866,36.9071,-76.8861,Ivor,Virginia,VA,Southampton,175,4
23874,36.6148,-77.1069,Newsoms,Virginia,VA,Southampton,175,4
23878,36.776,-76.9841,Sedley,Virginia,VA,Southampton,175,4
22407,38.2688,-77.5476,Fredericksburg,Virginia,VA,Spotsylvania,177,4
22408,38.2481,-77.4681,Fredericksburg,Virginia,VA,Spotsylvania,177,4
22412,38.1847,-77.6626,Fredericksburg,Virginia,VA,Spotsylvania,177,4
22534,38.0641,-77.6586,Partlow,Virginia,VA,Spotsylvania,177,4
22551,38.162,-77.6854,Spotsylvania,Virginia,VA,Spotsylvania,177,4
22553,38.271,-77.6447,Spotsylvania,Virginia,VA,Spotsylvania,177,4
22565,38.1372,-77.5189,Thornburg,Virginia,VA,Spotsylvania,177,4
22403,38.4173,-77.4608,Fredericksburg,Virginia,VA,Stafford,179,4
22405,38.3365,-77.4366,Fredericksburg,Virginia,VA,Stafford,179,4
22406,38.3796,-77.5349,Fredericksburg,Virginia,VA,Stafford,179,4
22430,38.3857,-77.3743,Brooke,Virginia,VA,Stafford,179,4
22463,38.4684,-77.4612,Garrisonville,Virginia,VA,Stafford,179,4
22471,38.3993,-77.5814,Hartwood,Virginia,VA,Stafford,179,4
22545,38.5086,-77.543,Ruby,Virginia,VA,Stafford,179,4
22554,38.4586,-77.4306,Stafford,Virginia,VA,Stafford,179,4
22555,38.4221,-77.4083,Stafford,Virginia,VA,Stafford,179,4
22556,38.4718,-77.5102,Stafford,Virginia,VA,Stafford,179,4
23839,37.0981,-76.8966,Dendron,Virginia,VA,Surry,181,4
23846,37.0701,-76.8337,Elberon,Virginia,VA,Surry,181,4
23881,37.1901,-76.9923,Spring Grove,Virginia,VA,Surry,181,4
23883,37.126,-76.7651,Surry,Virginia,VA,Surry,181,4
23899,37.2279,-76.9641,Claremont,Virginia,VA,Surry,181,4
23867,36.8191,-77.4832,Jarratt,Virginia,VA,Sussex,183,4
23882,36.9361,-77.4443,Stony Creek,Virginia,VA,Sussex,183,4
23884,36.9151,-77.2791,Sussex,Virginia,VA,Sussex,183,4
23888,36.9757,-76.979,Wakefield,Virginia,VA,Sussex,183,4
23890,37.025,-77.1055,Waverly,Virginia,VA,Sussex,183,4
23891,37.0508,-77.2124,Waverly,Virginia,VA,Sussex,183,4
23897,36.8373,-77.287,Yale,Virginia,VA,Sussex,183,4
24377,36.9763,-81.628,Tannersville,Virginia,VA,Tazewell,185,4
24601,37.1909,-81.6387,Amonate,Virginia,VA,Tazewell,185,4
24602,37.1661,-81.6508,Bandy,Virginia,VA,Tazewell,185,4
24604,37.2033,-81.5575,Bishop,Virginia,VA,Tazewell,185,4
24605,37.2526,-81.2712,Bluefield,Virginia,VA,Tazewell,185,4
24606,37.2818,-81.3804,Boissevain,Virginia,VA,Tazewell,185,4
24608,37.0982,-81.3409,Burkes Garden,Virginia,VA,Tazewell,185,4
24609,37.0876,-81.759,Cedar Bluff,Virginia,VA,Tazewell,185,4
24612,37.0926,-81.8335,Doran,Virginia,VA,Tazewell,185,4
24613,37.271,-81.3182,Falls Mills,Virginia,VA,Tazewell,185,4
24619,37.1355,-81.5634,Horsepen,Virginia,VA,Tazewell,185,4
24622,37.2094,-81.7956,Jewell Ridge,Virginia,VA,Tazewell,185,4
24630,37.1756,-81.5399,North Tazewell,Virginia,VA,Tazewell,185,4
24635,37.3054,-81.3425,Pocahontas,Virginia,VA,Tazewell,185,4
24637,37.0596,-81.7301,Pounding Mill,Virginia,VA,Tazewell,185,4
24640,37.1134,-81.871,Red Ash,Virginia,VA,Tazewell,185,4
24641,37.0941,-81.8123,Richlands,Virginia,VA,Tazewell,185,4
24651,37.1078,-81.51,Tazewell,Virginia,VA,Tazewell,185,4
22610,38.8187,-78.2757,Bentonville,Virginia,VA,Warren,187,4
22630,38.9268,-78.1796,Front Royal,Virginia,VA,Warren,187,4
22642,38.8812,-78.0478,Linden,Virginia,VA,Warren,187,4
22649,39.0048,-78.2478,Middletown,Virginia,VA,Warren,187,4
24210,36.6916,-82.02,Abingdon,Virginia,VA,Washington,191,4
24211,36.6673,-81.9648,Abingdon,Virginia,VA,Washington,191,4
24212,36.6909,-81.9708,Abingdon,Virginia,VA,Washington,191,4
24236,36.6403,-81.7776,Damascus,Virginia,VA,Washington,191,4
24270,36.7223,-82.2649,Mendota,Virginia,VA,Washington,191,4
24327,36.78,-81.8171,Emory,Virginia,VA,Washington,191,4
24340,36.7779,-81.7676,Glade Spring,Virginia,VA,Washington,191,4
24361,36.7612,-81.8512,Meadowview,Virginia,VA,Washington,191,4
22442,38.1437,-76.6355,Coles Point,Virginia,VA,Westmoreland,193,4
22443,38.1792,-76.9959,Colonial Beach,Virginia,VA,Westmoreland,193,4
22469,38.0573,-76.6616,Hague,Virginia,VA,Westmoreland,193,4
22488,38.0505,-76.5855,Kinsale,Virginia,VA,Westmoreland,193,4
22520,38.1105,-76.7828,Montross,Virginia,VA,Westmoreland,193,4
22524,38.1182,-76.6805,Mount Holly,Virginia,VA,Westmoreland,193,4
22529,38.0181,-76.6861,Oldhams,Virginia,VA,Westmoreland,193,4
22558,38.1484,-76.8413,Stratford,Virginia,VA,Westmoreland,193,4
22577,38.0673,-76.5503,Sandy Point,Virginia,VA,Westmoreland,193,4
22581,38.1218,-76.7903,Zacata,Virginia,VA,Westmoreland,193,4
24215,36.9234,-82.7964,Andover,Virginia,VA,Wise,195,4
24216,36.9438,-82.7976,Appalachia,Virginia,VA,Wise,195,4
24219,36.8581,-82.7627,Big Stone Gap,Virginia,VA,Wise,195,4
24230,36.9605,-82.4735,Coeburn,Virginia,VA,Wise,195,4
24246,36.8668,-82.7424,East Stone Gap,Virginia,VA,Wise,195,4
24279,37.0927,-82.6016,Pound,Virginia,VA,Wise,195,4
24283,36.9323,-82.3418,Saint Paul,Virginia,VA,Wise,195,4
24293,36.975,-82.5947,Wise,Virginia,VA,Wise,195,4
24312,36.8195,-80.8583,Austinville,Virginia,VA,Wythe,197,4
24313,36.9078,-80.809,Barren Springs,Virginia,VA,Wythe,197,4
24322,36.8086,-81.1039,Cripple Creek,Virginia,VA,Wythe,197,4
24323,36.8768,-81.2089,Crockett,Virginia,VA,Wythe,197,4
24350,36.8272,-80.9779,Ivanhoe,Virginia,VA,Wythe,197,4
24360,36.9056,-80.9244,Max Meadows,Virginia,VA,Wythe,197,4
24368,36.8836,-81.2879,Rural Retreat,Virginia,VA,Wythe,197,4
24374,36.7998,-81.1834,Speedwell,Virginia,VA,Wythe,197,4
24382,36.9407,-81.0941,Wytheville,Virginia,VA,Wythe,197,4
23090,37.3407,-76.7544,Lightfoot,Virginia,VA,York,199,4
23690,37.2287,-76.5423,Yorktown,Virginia,VA,York,199,4
23691,37.2517,-76.552,Yorktown,Virginia,VA,York,199,4
23692,37.1686,-76.4581,Yorktown,Virginia,VA,York,199,4
23693,37.1256,-76.4469,Yorktown,Virginia,VA,York,199,4
23694,37.2232,-76.559,Lackey,Virginia,VA,York,199,4
23696,37.1885,-76.429,Seaford,Virginia,VA,York,199,4
22301,38.82,-77.0589,Alexandria,Virginia,VA,City of Alexandria,510,4
22302,38.8276,-77.0896,Alexandria,Virginia,VA,City of Alexandria,510,4
22304,38.8149,-77.121,Alexandria,Virginia,VA,City of Alexandria,510,4
22305,38.8372,-77.064,Alexandria,Virginia,VA,City of Alexandria,510,4
22311,38.832,-77.12,Alexandria,Virginia,VA,City of Alexandria,510,4
22313,38.8158,-77.0901,Alexandria,Virginia,VA,City of Alexandria,510,4
22314,38.806,-77.0529,Alexandria,Virginia,VA,City of Alexandria,510,4
22320,38.8044,-77.0467,Alexandria,Virginia,VA,City of Alexandria,510,4
22331,38.8013,-77.0707,Alexandria,Virginia,VA,City of Alexandria,510,4
22332,38.8031,-77.0727,Alexandria,Virginia,VA,City of Alexandria,510,4
22333,38.8158,-77.0901,Alexandria,Virginia,VA,City of Alexandria,510,4
22334,38.8158,-77.0901,Alexandria,Virginia,VA,City of Alexandria,510,4
22350,38.8045,-77.0509,Alexandria,Virginia,VA,City of Alexandria,510,4
24523,37.3153,-79.5331,Bedford,Virginia,VA,Bedford (city),515,4
24201,36.6181,-82.1823,Bristol,Virginia,VA,Bristol (city),520,4
24202,36.6609,-82.2126,Bristol,Virginia,VA,Bristol (city),520,4
24203,36.5965,-82.1885,Bristol,Virginia,VA,Bristol (city),520,4
24205,36.595,-82.1819,Bristol,Virginia,VA,Bristol (city),520,
24209,36.5965,-82.1885,Bristol,Virginia,VA,Bristol (city),520,4
24416,37.7396,-79.3523,Buena Vista,Virginia,VA,Buena Vista (city),530,4
22902,38.0266,-78.4805,Charlottesville,Virginia,VA,Charlottesville (city),540,4
22903,38.0339,-78.4924,Charlottesville,Virginia,VA,Charlottesville (city),540,4
22904,38.0401,-78.4851,Charlottesville,Virginia,VA,Charlottesville (city),540,4
22905,38.0401,-78.4851,Charlottesville,Virginia,VA,Charlottesville (city),540,4
22906,38.0401,-78.4851,Charlottesville,Virginia,VA,Charlottesville (city),540,4
22907,38.0401,-78.4851,Charlottesville,Virginia,VA,Charlottesville (city),540,4
22908,38.0401,-78.4851,Charlottesville,Virginia,VA,Charlottesville (city),540,4
22910,38.0401,-78.4851,Charlottesville,Virginia,VA,Charlottesville (city),540,4
23320,36.7352,-76.2384,Chesapeake,Virginia,VA,Chesapeake (city),550,4
23321,36.8012,-76.423,Chesapeake,Virginia,VA,Chesapeake (city),550,4
23322,36.6434,-76.242,Chesapeake,Virginia,VA,Chesapeake (city),550,4
23323,36.7634,-76.3397,Chesapeake,Virginia,VA,Chesapeake (city),550,4
23324,36.8056,-76.2666,Chesapeake,Virginia,VA,Chesapeake (city),550,4
23325,36.814,-76.2406,Chesapeake,Virginia,VA,Chesapeake (city),550,4
23326,36.777,-76.2394,Chesapeake,Virginia,VA,Chesapeake (city),550,4
23327,36.7085,-76.2785,Chesapeake,Virginia,VA,Chesapeake (city),550,4
23328,36.7085,-76.2785,Chesapeake,Virginia,VA,Chesapeake (city),550,4
23834,37.27,-77.4038,Colonial Heights,Virginia,VA,Colonial Heights (city,570,4
24426,37.7802,-79.987,Covington,Virginia,VA,Covington (city),580,4
24540,36.6218,-79.4124,Danville,Virginia,VA,Danville (city),590,4
24541,36.5779,-79.4411,Danville,Virginia,VA,Danville (city),590,4
24543,36.5927,-79.411,Danville,Virginia,VA,Danville (city),590,4
23847,36.6857,-77.563,Emporia,Virginia,VA,Emporia (city),595,4
22030,38.8458,-77.3242,Fairfax,Virginia,VA,Fairfax (city),600,4
22031,38.8604,-77.2649,Fairfax,Virginia,VA,Fairfax (city),600,4
22038,38.8528,-77.302,Fairfax,Virginia,VA,Fairfax (city),600,4
22040,38.8842,-77.1718,Falls Church,Virginia,VA,Falls Church (city),610,4
22046,38.8856,-77.1802,Falls Church,Virginia,VA,Falls Church (city),610,4
23851,36.6786,-76.9391,Franklin,Virginia,VA,Franklin (city),620,4
22401,38.2995,-77.4772,Fredericksburg,Virginia,VA,Fredericksburg (city),630,4
22402,38.2996,-77.4897,Fredericksburg,Virginia,VA,Fredericksburg (city),630,4
22404,38.3032,-77.4605,Fredericksburg,Virginia,VA,Fredericksburg (city),630,4
24333,36.6565,-80.9117,Galax,Virginia,VA,Galax (city),640,4
23630,37.0727,-76.3899,Hampton,Virginia,VA,Hampton (city),650,4
23651,37.018,-76.3044,Fort Monroe,Virginia,VA,Hampton (city),650,1
23661,37.0074,-76.3801,Hampton,Virginia,VA,Hampton (city),650,4
23663,37.0318,-76.3199,Hampton,Virginia,VA,Hampton (city),650,4
23664,37.0566,-76.2966,Hampton,Virginia,VA,Hampton (city),650,4
23665,37.0831,-76.36,Hampton,Virginia,VA,Hampton (city),650,4
23666,37.0462,-76.4096,Hampton,Virginia,VA,Hampton (city),650,4
23667,37.0193,-76.3318,Hampton,Virginia,VA,Hampton (city),650,4
23668,37.0206,-76.3377,Hampton,Virginia,VA,Hampton (city),650,4
23669,37.0436,-76.3426,Hampton,Virginia,VA,Hampton (city),650,4
23670,37.0727,-76.3899,Hampton,Virginia,VA,Hampton (city),650,4
23681,37.0727,-76.3899,Hampton,Virginia,VA,Hampton (city),650,4
22801,38.4489,-78.8714,Harrisonburg,Virginia,VA,City of Harrisonburg,660,4
22803,38.4496,-78.8689,Harrisonburg,Virginia,VA,City of Harrisonburg,660,4
22807,38.4409,-78.8742,Harrisonburg,Virginia,VA,City of Harrisonburg,660,4
23860,37.2876,-77.295,Hopewell,Virginia,VA,Hopewell (city),670,4
24450,37.7885,-79.4581,Lexington,Virginia,VA,Lexington (city),678,4
24501,37.353,-79.1557,Lynchburg,Virginia,VA,Lynchburg (city),680,4
24502,37.3825,-79.2181,Lynchburg,Virginia,VA,Lynchburg (city),680,4
24503,37.4376,-79.205,Lynchburg,Virginia,VA,Lynchburg (city),680,4
24504,37.361,-79.0544,Lynchburg,Virginia,VA,Lynchburg (city),680,4
24505,37.4138,-79.1422,Lynchburg,Virginia,VA,Lynchburg (city),680,4
24506,37.3817,-79.161,Lynchburg,Virginia,VA,Lynchburg (city),680,4
24514,37.4009,-79.1785,Lynchburg,Virginia,VA,Lynchburg (city),680,4
24515,37.4009,-79.1785,Lynchburg,Virginia,VA,Lynchburg (city),680,4
20108,38.7447,-77.4872,Manassas,Virginia,VA,Manassas (city),683,4
20109,38.793,-77.5266,Manassas,Virginia,VA,Manassas (city),683,4
20110,38.7492,-77.4878,Manassas,Virginia,VA,Manassas (city),683,4
20111,38.7707,-77.4494,Manassas,Virginia,VA,Manassas Park (city),685,4
20112,38.6665,-77.4248,Manassas,Virginia,VA,Manassas Park (city),685,4
20113,38.7709,-77.4494,Manassas,Virginia,VA,Manassas Park (city),685,4
24112,36.6871,-79.8691,Martinsville,Virginia,VA,Martinsville (city),690,4
24113,36.6796,-79.8652,Martinsville,Virginia,VA,Martinsville (city),690,4
24114,36.6796,-79.8652,Martinsville,Virginia,VA,Martinsville (city),690,4
24115,36.6796,-79.8652,Martinsville,Virginia,VA,Martinsville (city),690,4
23601,37.058,-76.4607,Newport News,Virginia,VA,Newport News (city),700,4
23602,37.1132,-76.5179,Newport News,Virginia,VA,Newport News (city),700,4
23603,37.1989,-76.5821,Newport News,Virginia,VA,Newport News (city),700,4
23604,37.1574,-76.5845,Fort Eustis,Virginia,VA,Newport News (city),700,1
23605,37.0156,-76.4332,Newport News,Virginia,VA,Newport News (city),700,4
23606,37.0768,-76.4967,Newport News,Virginia,VA,Newport News (city),700,4
23607,36.9864,-76.4165,Newport News,Virginia,VA,Newport News (city),700,4
23608,37.1526,-76.542,Newport News,Virginia,VA,Newport News (city),700,4
23609,37.1959,-76.5248,Newport News,Virginia,VA,Newport News (city),700,4
23612,37.1959,-76.5248,Newport News,Virginia,VA,Newport News (city),700,4
23628,37.1959,-76.5248,Newport News,Virginia,VA,Newport News (city),700,4
23501,36.8959,-76.2085,Norfolk,Virginia,VA,Norfolk (city),710,4
23502,36.8546,-76.2143,Norfolk,Virginia,VA,Norfolk (city),710,4
23503,36.9442,-76.252,Norfolk,Virginia,VA,Norfolk (city),710,4
23504,36.8586,-76.2686,Norfolk,Virginia,VA,Norfolk (city),710,4
23505,36.9168,-76.2875,Norfolk,Virginia,VA,Norfolk (city),710,4
23506,36.9312,-76.2397,Norfolk,Virginia,VA,Norfolk (city),710,4
23507,36.8645,-76.3004,Norfolk,Virginia,VA,Norfolk (city),710,4
23508,36.8859,-76.3004,Norfolk,Virginia,VA,Norfolk (city),710,4
23509,36.8787,-76.2604,Norfolk,Virginia,VA,Norfolk (city),710,4
23510,36.8529,-76.2878,Norfolk,Virginia,VA,Norfolk (city),710,4
23511,36.9356,-76.3034,Norfolk,Virginia,VA,Norfolk (city),710,4
23513,36.8914,-76.2396,Norfolk,Virginia,VA,Norfolk (city),710,4
23514,36.8468,-76.2852,Norfolk,Virginia,VA,Norfolk (city),710,4
23515,36.9312,-76.2397,Norfolk,Virginia,VA,Norfolk (city),710,4
23517,36.8695,-76.2945,Norfolk,Virginia,VA,Norfolk (city),710,4
23518,36.9202,-76.216,Norfolk,Virginia,VA,Norfolk (city),710,4
23519,36.9312,-76.2397,Norfolk,Virginia,VA,Norfolk (city),710,4
23523,36.8294,-76.2701,Norfolk,Virginia,VA,Norfolk (city),710,4
23529,36.9312,-76.2397,Norfolk,Virginia,VA,Norfolk (city),710,4
23541,36.9312,-76.2397,Norfolk,Virginia,VA,Norfolk (city),710,4
23551,36.9312,-76.2397,Norfolk,Virginia,VA,Norfolk (city),710,4
24273,36.9378,-82.6249,Norton,Virginia,VA,Norton (city),720,4
23803,37.2123,-77.4814,Petersburg,Virginia,VA,Petersburg (city),730,4
23804,37.2048,-77.3928,Petersburg,Virginia,VA,Petersburg (city),730,4
23805,37.1819,-77.3854,Petersburg,Virginia,VA,Petersburg (city),730,4
23806,37.2327,-77.385,Virginia State University,Virginia,VA,Petersburg (city),730,1
23662,37.1313,-76.3807,Poquoson,Virginia,VA,Poquoson (city),735,4
23701,36.8089,-76.3671,Portsmouth,Virginia,VA,Portsmouth (city),740,4
23702,36.8035,-76.327,Portsmouth,Virginia,VA,Portsmouth (city),740,4
23703,36.8695,-76.3869,Portsmouth,Virginia,VA,Portsmouth (city),740,4
23704,36.8298,-76.3146,Portsmouth,Virginia,VA,Portsmouth (city),740,4
23705,36.8686,-76.3552,Portsmouth,Virginia,VA,Portsmouth (city),740,4
23707,36.8362,-76.344,Portsmouth,Virginia,VA,Portsmouth (city),740,4
23708,36.8354,-76.2983,Portsmouth,Virginia,VA,Portsmouth (city),740,4
23709,36.8686,-76.3552,Portsmouth,Virginia,VA,Portsmouth (city),740,4
24141,37.1197,-80.5565,Radford,Virginia,VA,Radford (city),750,4
24142,37.1387,-80.548,Radford,Virginia,VA,Radford (city),750,4
24143,37.1226,-80.5629,Radford,Virginia,VA,Radford (city),750,4
23173,37.5538,-77.4603,Richmond,Virginia,VA,City of Richmond,760,4
23218,37.5242,-77.4932,Richmond,Virginia,VA,City of Richmond,760,4
23219,37.5463,-77.4378,Richmond,Virginia,VA,City of Richmond,760,4
23220,37.5498,-77.4588,Richmond,Virginia,VA,City of Richmond,760,4
23221,37.5583,-77.4845,Richmond,Virginia,VA,City of Richmond,760,4
23222,37.5748,-77.4267,Richmond,Virginia,VA,City of Richmond,760,4
23223,37.5477,-77.3948,Richmond,Virginia,VA,City of Richmond,760,4
23224,37.4955,-77.471,Richmond,Virginia,VA,City of Richmond,760,4
23225,37.5158,-77.5047,Richmond,Virginia,VA,City of Richmond,760,4
23232,37.5202,-77.4084,Richmond,Virginia,VA,City of Richmond,760,4
23241,37.5242,-77.4932,Richmond,Virginia,VA,City of Richmond,760,4
23249,37.5242,-77.4932,Richmond,Virginia,VA,City of Richmond,760,4
23260,37.5538,-77.4603,Richmond,Virginia,VA,City of Richmond,760,4
23261,37.5538,-77.4603,Richmond,Virginia,VA,City of Richmond,760,4
23269,37.5538,-77.4603,Richmond,Virginia,VA,City of Richmond,760,4
23273,37.5302,-77.4753,Henrico,Virginia,VA,City of Richmond,760,4
23274,37.5242,-77.4932,Richmond,Virginia,VA,City of Richmond,760,4
23276,37.5242,-77.4932,Richmond,Virginia,VA,City of Richmond,760,4
23278,37.5242,-77.4932,Richmond,Virginia,VA,City of Richmond,760,4
23279,37.5242,-77.4932,Richmond,Virginia,VA,City of Richmond,760,4
23282,37.5538,-77.4603,Richmond,Virginia,VA,City of Richmond,760,4
23284,37.5494,-77.4512,Richmond,Virginia,VA,City of Richmond,760,4
23285,37.5242,-77.4932,Richmond,Virginia,VA,City of Richmond,760,4
23286,37.5242,-77.4932,Richmond,Virginia,VA,City of Richmond,760,4
23290,37.5242,-77.4932,Richmond,Virginia,VA,City of Richmond,760,4
23291,37.5242,-77.4932,Richmond,Virginia,VA,City of Richmond,760,4
23292,37.5242,-77.4932,Richmond,Virginia,VA,City of Richmond,760,4
23293,37.5242,-77.4932,Richmond,Virginia,VA,City of Richmond,760,4
23295,37.5532,-77.4621,Richmond,Virginia,VA,City of Richmond,760,4
23298,37.5406,-77.4316,Richmond,Virginia,VA,City of Richmond,760,4
24001,37.2742,-79.9579,Roanoke,Virginia,VA,Roanoke (city),770,4
24002,37.2742,-79.9579,Roanoke,Virginia,VA,Roanoke (city),770,4
24003,37.2742,-79.9579,Roanoke,Virginia,VA,Roanoke (city),770,4
24004,37.2742,-79.9579,Roanoke,Virginia,VA,Roanoke (city),770,4
24005,37.2742,-79.9579,Roanoke,Virginia,VA,Roanoke (city),770,4
24006,37.2742,-79.9579,Roanoke,Virginia,VA,Roanoke (city),770,4
24007,37.2742,-79.9579,Roanoke,Virginia,VA,Roanoke (city),770,4
24008,37.2742,-79.9579,Roanoke,Virginia,VA,Roanoke (city),770,4
24009,37.2742,-79.9579,Roanoke,Virginia,VA,Roanoke (city),770,4
24010,37.2742,-79.9579,Roanoke,Virginia,VA,Roanoke (city),770,4
24011,37.269,-79.942,Roanoke,Virginia,VA,Roanoke (city),770,4
24012,37.3029,-79.9322,Roanoke,Virginia,VA,Roanoke (city),770,4
24013,37.2677,-79.9247,Roanoke,Virginia,VA,Roanoke (city),770,4
24014,37.2327,-79.9463,Roanoke,Virginia,VA,Roanoke (city),770,4
24015,37.2584,-79.9807,Roanoke,Virginia,VA,Roanoke (city),770,4
24016,37.2704,-79.9535,Roanoke,Virginia,VA,Roanoke (city),770,4
24017,37.2937,-79.9902,Roanoke,Virginia,VA,Roanoke (city),770,4
24022,37.2784,-79.9332,Roanoke,Virginia,VA,Roanoke (city),770,4
24024,37.2742,-79.9579,Roanoke,Virginia,VA,Roanoke (city),770,4
24025,37.2742,-79.9579,Roanoke,Virginia,VA,Roanoke (city),770,4
24026,37.2742,-79.9579,Roanoke,Virginia,VA,Roanoke (city),770,4
24027,37.2742,-79.9579,Roanoke,Virginia,VA,Roanoke (city),770,4
24028,37.2742,-79.9579,Roanoke,Virginia,VA,Roanoke (city),770,4
24029,37.2742,-79.9579,Roanoke,Virginia,VA,Roanoke (city),770,4
24030,37.2742,-79.9579,Roanoke,Virginia,VA,Roanoke (city),770,4
24031,37.2742,-79.9579,Roanoke,Virginia,VA,Roanoke (city),770,4
24032,37.2742,-79.9579,Roanoke,Virginia,VA,Roanoke (city),770,4
24033,37.2742,-79.9579,Roanoke,Virginia,VA,Roanoke (city),770,4
24034,37.2742,-79.9579,Roanoke,Virginia,VA,Roanoke (city),770,4
24035,37.2742,-79.9579,Roanoke,Virginia,VA,Roanoke (city),770,4
24036,37.2742,-79.9579,Roanoke,Virginia,VA,Roanoke (city),770,4
24037,37.2742,-79.9579,Roanoke,Virginia,VA,Roanoke (city),770,4
24038,37.2742,-79.9579,Roanoke,Virginia,VA,Roanoke (city),770,4
24040,37.2742,-79.9579,Roanoke,Virginia,VA,Roanoke (city),770,4
24042,37.2717,-79.9392,Roanoke,Virginia,VA,Roanoke (city),770,4
24043,37.2692,-79.9399,Roanoke,Virginia,VA,Roanoke (city),770,4
24153,37.2853,-80.0692,Salem,Virginia,VA,Salem (city),775,4
24155,37.2884,-80.0671,Salem,Virginia,VA,Salem (city),775,4
24157,37.2884,-80.0671,Salem,Virginia,VA,Salem (city),775,4
24401,38.1574,-79.0651,Staunton,Virginia,VA,Staunton (city),790,4
24402,38.1593,-79.0629,Staunton,Virginia,VA,Staunton (city),790,4
23432,36.8668,-76.5598,Suffolk,Virginia,VA,City of Suffolk,800,4
23433,36.909,-76.4929,Suffolk,Virginia,VA,City of Suffolk,800,4
23434,36.7304,-76.5931,Suffolk,Virginia,VA,City of Suffolk,800,4
23435,36.8544,-76.4664,Suffolk,Virginia,VA,City of Suffolk,800,4
23436,36.8926,-76.5142,Suffolk,Virginia,VA,City of Suffolk,800,4
23437,36.6526,-76.792,Suffolk,Virginia,VA,City of Suffolk,800,4
23438,36.5913,-76.6871,Suffolk,Virginia,VA,City of Suffolk,800,4
23439,36.7461,-76.6653,Suffolk,Virginia,VA,City of Suffolk,800,4
23453,36.776,-76.0766,Virginia Beach,Virginia,VA,City of Suffolk,800,4
23450,36.844,-76.1204,Virginia Beach,Virginia,VA,Virginia Beach (city),810,4
23451,36.8585,-76.0019,Virginia Beach,Virginia,VA,Virginia Beach (city),810,4
23452,36.8348,-76.0961,Virginia Beach,Virginia,VA,Virginia Beach (city),810,4
23454,36.8282,-76.0237,Virginia Beach,Virginia,VA,Virginia Beach (city),810,4
23455,36.8881,-76.1446,Virginia Beach,Virginia,VA,Virginia Beach (city),810,4
23456,36.7341,-76.0359,Virginia Beach,Virginia,VA,Virginia Beach (city),810,4
23457,36.6224,-76.0249,Virginia Beach,Virginia,VA,Virginia Beach (city),810,4
23458,36.8529,-75.978,Virginia Beach,Virginia,VA,Virginia Beach (city),810,4
23459,36.9216,-76.0171,Virginia Beach,Virginia,VA,Virginia Beach (city),810,4
23460,36.808,-76.0284,Virginia Beach,Virginia,VA,Virginia Beach (city),810,4
23461,36.7754,-75.9633,Virginia Beach,Virginia,VA,Virginia Beach (city),810,4
23462,36.8392,-76.1522,Virginia Beach,Virginia,VA,Virginia Beach (city),810,4
23463,36.7957,-76.0126,Virginia Beach,Virginia,VA,Virginia Beach (city),810,4
23464,36.7978,-76.1759,Virginia Beach,Virginia,VA,Virginia Beach (city),810,4
23465,36.8512,-76.1692,Virginia Beach,Virginia,VA,Virginia Beach (city),810,4
23466,36.7957,-76.0126,Virginia Beach,Virginia,VA,Virginia Beach (city),810,4
23467,36.7957,-76.0126,Virginia Beach,Virginia,VA,Virginia Beach (city),810,4
23471,36.7957,-76.0126,Virginia Beach,Virginia,VA,Virginia Beach (city),810,4
23479,36.7957,-76.0126,Virginia Beach,Virginia,VA,Virginia Beach (city),810,4
22980,38.0774,-78.9035,Waynesboro,Virginia,VA,Waynesboro (city),820,4
23186,37.3105,-76.7468,Williamsburg,Virginia,VA,Williamsburg (city),830,4
23187,37.3105,-76.7468,Williamsburg,Virginia,VA,Williamsburg (city),830,4
22601,39.1858,-78.1827,Winchester,Virginia,VA,Winchester (city),840,4
22604,39.1676,-78.1686,Winchester,Virginia,VA,Winchester (city),840,4